,,,,,,,Secondary market prices ($),,,,,,,,,,,,,,,,,,,,,,,,,,,,,,,,,,,,,,,,,,,,,,,,
id,Theme,#,# of Pieces,Year of release,Name,Retail price at release ($),1/12,1/1,2016-02-01,2016-03-01,2016-04-01,2016-05-01,2016-06-01,2016-07-01,2016-08-01,2016-09-01,2016-10-01,2016-11-01,2016-12-01,2017-01-01,2017-02-01,2017-03-01,2017-04-01,2017-05-01,2017-06-01,2017-07-01,2017-08-01,2017-09-01,2017-10-01,2017-11-01,2017-12-02,2018-01-01,2018-02-01,2018-03-01,2018-04-01,2018-05-01,2018-06-01,2018-07-01,2018-08-01,2018-09-01,2018-10-01,2018-11-01,2018-12-01,2019-01-01,2019-02-01,2019-03-01,2019-04-01,,,,,,,,
1,Architecture,21005-1,811,2009,Fallingwater,99.99,$177.82,$185.60,$194.30,$199.40,$189.80,$192.67,$170.80,$180.67,$212.81,$200.69,$198.09,$209.19,$225.43,$225.53,$203.70,$225.63,$226.13,$212.75,$229.12,$234.13,$241.60,$238.93,$220.15,$240.27,$239.49,$238.72,$242.13,$251.13,$251.67,$263.27,$263.93,$220.27,$211.20,$241.87,$227.73,$234.20,$279.79,$280.00,$260.40,$257.40,$240.60,,,,,,,,
2,Architecture,21000-1,69,2008,Sears Tower,19.99,$44.93,$44.93,$50.47,$52.80,$58.00,$58.00,$58.00,$58.00,$58.00,$58.00,$58.00,$58.00,$74.33,$74.33,$74.33,$74.33,$74.33,$72.36,$72.36,$72.36,$68.46,$68.46,$68.46,$68.46,$70.14,$71.82,$76.80,$85.60,$83.47,$86.60,$86.60,$86.60,$86.60,$86.60,$86.60,$86.60,$86.60,$86.60,$86.60,$86.60,$86.60,,,,,,,,
3,Architecture,21001-1,69,2008,John Hancock Center,19.99,$165.67,$179.53,$186.13,$186.13,$186.13,$186.13,$186.13,$182.47,$184.40,$180.47,$174.60,$166.80,$160.47,$164.20,$171.80,$172.13,$170.40,$177.13,$183.07,$196.87,$183.40,$176.60,$176.60,$149.20,$157.53,$165.87,$169.67,$184.53,$180.93,$180.93,$160.87,$160.87,$162.80,$169.87,$170.40,$165.93,$165.47,$165.47,$165.47,$178.67,$178.67,,,,,,,,
4,Architecture,21002-1,77,2009,Empire State Building,19.99,$36.11,$33.32,$34.65,$33.33,$31.20,$31.00,$37.27,$33.93,$32.27,$34.13,$32.73,$32.92,$40.65,$41.85,$40.63,$35.87,$37.33,$32.87,$36.33,$34.39,$27.59,$29.87,$32.93,$34.73,$37.80,$40.88,$40.94,$39.06,$35.55,$40.00,$41.67,$44.41,$44.87,$41.00,$39.73,$40.80,$46.94,$47.20,$48.53,$52.07,$51.47,,,,,,,,
5,Architecture,21003-1,57,2009,Seattle Space Needle,19.99,$22.41,$21.50,$20.39,$21.33,$20.80,$20.00,$20.93,$29.87,$30.37,$26.88,$32.80,$29.68,$33.39,$32.56,$33.40,$32.36,$35.65,$34.63,$35.25,$33.95,$36.25,$40.83,$40.86,$44.98,$47.46,$49.95,$49.83,$49.42,$54.53,$48.50,$48.20,$53.13,$50.00,$38.80,$44.40,$57.86,$60.47,$61.20,$54.19,$70.33,$62.00,,,,,,,,
6,Architecture,21004-1,208,2009,Solomon Guggenheim Museum,39.99,$121.05,$118.67,$122.60,$113.60,$111.07,$108.00,$111.60,$118.40,$124.80,$134.87,$126.93,$134.73,$114.40,$110.53,$103.93,$89.87,$81.33,$86.00,$78.83,$68.53,$72.47,$71.40,$68.53,$69.00,$64.90,$60.80,$58.07,$61.00,$69.93,$66.40,$68.07,$59.13,$63.53,$58.40,$60.53,$61.87,$62.87,$66.33,$71.00,$71.00,$66.00,,,,,,,,
7,Architecture,21006-1,560,2010,White House,49.99,$47.95,$45.00,$45.30,$42.13,$42.13,$41.33,$39.87,$35.60,$35.60,$35.13,$35.07,$43.20,$52.98,$58.84,$62.19,$62.20,$61.28,$56.91,$57.57,$62.47,$62.13,$62.21,$59.07,$73.12,$78.19,$83.26,$87.44,$92.40,$91.27,$86.55,$96.60,$89.85,$88.57,$83.00,$100.80,$106.00,$122.14,$125.35,$105.08,$124.13,$125.80,,,,,,,,
8,Architecture,21000-2,69,2011,Willis Tower,19.99,$59.65,$60.06,$68.73,$68.73,$68.73,$68.73,$62.80,$62.27,$69.87,$71.07,$69.53,$74.55,$81.46,$75.20,$75.33,$71.60,$72.80,$67.67,$73.27,$71.47,$84.27,$79.60,$70.33,$63.80,$71.60,$79.40,$79.07,$79.27,$79.27,$77.13,$77.47,$76.73,$72.07,$75.87,$77.00,$78.00,$88.87,$97.40,$105.07,$104.20,$104.00,,,,,,,,
9,Architecture,21007-1,240,2011,Rockefeller Center,39.99,$86.93,$83.47,$93.20,$95.07,$102.00,$103.33,$109.67,$107.53,$100.00,$95.40,$92.60,$91.47,$95.07,$89.87,$84.87,$84.27,$84.60,$98.66,$99.27,$102.27,$100.13,$89.07,$89.67,$84.80,$86.27,$87.73,$90.87,$90.07,$90.73,$90.73,$90.00,$88.33,$86.67,$76.87,$73.40,$78.00,$87.35,$87.07,$88.13,$81.47,$77.93,,,,,,,,
10,Architecture,21008-1,208,2011,Burj Khalifa,24.99,$69.21,$59.32,$60.27,$57.93,$57.93,$57.93,$59.60,$60.47,$57.53,$51.27,$49.87,$53.67,$43.47,$44.60,$40.67,$38.93,$39.80,$38.73,$41.33,$46.13,$48.00,$48.00,$49.47,$53.80,$50.94,$48.07,$50.60,$62.27,$56.20,$51.80,$51.60,$52.00,$50.40,$47.87,$53.93,$56.53,$59.87,$65.33,$61.33,$59.33,$58.00,,,,,,,,
11,Architecture,21009-1,546,2011,Farnsworth House,59.99,$102.62,$108.60,$120.56,$124.87,$127.07,$12.40,$129.33,$133.60,$147.80,$157.40,$163.53,$152.80,$159.81,$153.67,$149.40,$143.07,$147.20,$148.53,$160.67,$164.40,$183.33,$184.53,$170.25,$159.59,$158.26,$156.93,$162.93,$168.27,$169.07,$176.40,$178.87,$174.60,$162.33,$161.87,$126.33,$135.40,$135.00,$187.53,$175.40,$179.27,$179.33,,,,,,,,
12,Architecture,21010-1,2276,2011,Robie House,199.99,$392.36,$413.00,$392.47,$391.80,$396.40,$416.67,$418.40,$408.40,$379.33,$392.13,$409.60,$411.27,$405.28,$408.20,$404.47,$419.27,$412.53,$405.60,$408.60,$398.53,$399.80,$368.87,$380.80,$412.93,$393.93,$374.93,$405.73,$438.13,$403.87,$362.93,$365.20,$379.73,$411.40,$388.73,$376.00,$404.40,$395.07,$396.33,$427.33,$440.53,$418.80,,,,,,,,
13,Architecture,21011-1,363,2011,Brandenburg Gate,34.99,$34.69,$35.27,$31.33,$32.20,$32.40,$32.60,$34.20,$34.53,$38.60,$36.80,$30.07,$31.33,$29.33,$32.27,$34.60,$34.47,$30.33,$26.93,$29.07,$33.73,$35.40,$37.47,$34.33,$33.21,$35.34,$37.47,$40.80,$43.67,$47.60,$47.20,$42.53,$36.47,$28.60,$28.53,$34.53,$42.93,$43.47,$41.80,$40.53,$37.67,$40.20,,,,,,,,
14,Architecture,21012-1,270,2012,Sydney Opera House,39.99,$68.38,$66.41,$74.67,$73.00,$73.00,$73.00,$70.20,$84.47,$83.94,$87.33,$80.60,$77.33,$79.28,$84.47,$86.80,$85.67,$77.73,$73.00,$75.47,$81.13,$84.73,$84.87,$89.93,$98.94,$99.04,$99.13,$99.53,$103.33,$102.20,$98.13,$91.13,$81.27,$79.73,$95.67,$100.47,$109.53,$105.40,$101.53,$101.53,$103.73,$108.60,,,,,,,,
15,Architecture,21013-1,346,2012,Big Ben,29.99,$29.47,$27.13,$30.77,$27.40,$24.20,$23.60,$21.93,$24.28,$26.13,$25.47,$23.50,$26.38,$35.92,$31.15,$30.73,$35.70,$29.53,$32.75,$29.78,$28.81,$33.00,$31.91,$32.27,$38.16,$38.21,$38.26,$42.75,$44.73,$45.80,$49.38,$46.13,$35.40,$41.47,$42.06,$45.80,$44.87,$47.92,$54.73,$53.67,$54.61,$51.63,,,,,,,,
16,Architecture,21014-1,660,2012,Villa Savoye,69.99,$61.94,$71.92,$70.70,$73.60,$68.87,$72.00,$72.13,$75.33,$82.40,$83.80,$89.87,$83.37,$87.67,$81.72,$81.40,$91.28,$86.53,$85.88,$93.65,$88.63,$101.44,$94.07,$93.07,$105.12,$103.43,$101.74,$91.73,$86.27,$93.22,$100.67,$91.20,$100.27,$97.87,$98.73,$106.00,$95.73,$97.40,$98.53,$100.87,$115.67,$124.53,,,,,,,,
17,Architecture,21016-1,325,2012,Sungnyemun,34.99,$228.13,$240.40,$270.93,$278.87,$276.53,$276.53,$276.53,$278.07,$281.40,$332.73,$343.13,$266.93,$229.60,$224.07,$232.00,$232.00,$242.40,$247.87,$241.87,$239.13,$232.27,$244.73,$226.20,$226.80,$236.67,$246.53,$249.40,$246.60,$252.73,$252.33,$253.07,$279.07,$276.33,$262.33,$253.33,$235.87,$215.00,$213.67,$216.20,$205.53,$236.53,,,,,,,,
18,Architecture,21015-1,345,2013,The Leaning Tower of Pisa,34.99,$33.11,$36.60,$32.13,$34.20,$33.93,$35.13,$36.00,$37.13,$41.93,$38.80,$35.20,$36.20,$43.52,$46.53,$43.33,$46.33,$40.53,$43.00,$44.40,$46.93,$50.73,$55.13,$57.53,$56.88,$58.98,$61.07,$61.00,$63.70,$62.33,$64.40,$65.60,$70.27,$74.67,$59.67,$66.40,$74.13,$72.00,$72.00,$60.73,$65.20,$68.13,,,,,,,,
19,Architecture,21018-1,597,2013,United Nations Headquarters,49.99,$50.73,$47.72,$48.88,$50.00,$48.87,$50.80,$51.47,$51.93,$56.27,$62.53,$58.73,$65.15,$57.04,$64.74,$63.11,$58.53,$62.13,$61.13,$66.40,$60.00,$64.00,$72.71,$71.93,$70.54,$72.73,$74.92,$67.94,$69.38,$68.27,$70.27,$66.00,$66.40,$67.27,$58.80,$59.40,$73.67,$75.60,$67.13,$67.33,$77.13,$83.07,,,,,,,,
20,Architecture,21021-1,602,2013,Marina Bay Sands,NI,$663.13,$742.07,$737.40,$752.80,$752.80,$773.60,$729.93,$748.53,$765.27,$722.13,$712.33,$703.67,$703.67,$677.93,$666.27,$659.60,$659.60,$659.60,$672.20,$672.20,$705.53,$705.53,$683.70,$655.87,$594.84,$533.80,$466.77,$495.20,$497.07,$478.67,$424.87,$433.33,$405.00,$362.00,$354.47,$339.87,$346.00,$438.73,$503.80,$503.80,$508.60,,,,,,,,
21,Architecture,21050-1,1210,2013,Architecture Studio,159.99,$153.59,$150.33,$146.95,$141.60,$139.07,$134.93,$133.67,$133.72,$116.00,$124.73,$126.67,$134.63,$139.47,$146.65,$120.19,$139.25,$108.32,$122.00,$119.90,$109.42,$117.30,$125.55,$129.26,$150.69,$148.70,$146.71,$163.95,$180.30,$178.41,$152.88,$175.73,$169.93,$149.19,$159.44,$194.08,$194.61,$213.84,$210.48,$223.07,$241.42,$262.67,,,,,,,,
22,Architecture,21019-1,321,2014,The Eiffel Tower,34.99,$46.89,$40.13,$33.07,$33.13,$31.87,$31.33,$32.93,$31.40,$29.73,$32.00,$35.60,$35.68,$43.33,$37.93,$34.28,$31.36,$28.56,$27.52,$28.65,$27.65,$31.06,$30.07,$29.70,$35.31,$34.96,$34.60,$30.71,$34.22,$29.20,$30.46,$24.88,$28.50,$24.49,$30.00,$28.00,$33.44,$41.06,$34.60,$35.67,$38.47,$38.76,,,,,,,,
23,Architecture,21020-1,731,2014,Trevi Fountain,49.99,$55.09,$47.56,$40.38,$43.07,$41.87,$39.73,$40.80,$42.80,$44.80,$37.80,$38.40,$40.89,$52.18,$56.53,$58.00,$60.73,$60.00,$65.00,$63.73,$61.36,$71.31,$76.03,$70.24,$83.83,$86.38,$88.92,$97.63,$95.10,$93.22,$99.53,$91.90,$96.45,$87.35,$85.67,$88.92,$103.47,$114.22,$123.67,$108.47,$118.07,$119.53,,,,,,,,
24,Architecture,21022-1,274,2015,Lincoln Memorial,29.99,$40.06,$37.67,$31.13,$30.73,$29.40,$27.67,$27.40,$29.27,$28.73,$27.80,$37.87,$39.60,$47.42,$50.72,$53.53,$55.06,$56.37,$56.13,$60.00,$56.80,$56.67,$61.06,$57.07,$65.38,$65.36,$65.33,$72.78,$79.47,$75.20,$71.20,$73.80,$71.13,$68.93,$48.47,$75.06,$74.89,$95.93,$99.67,$102.00,$100.40,$94.80,,,,,,,,
25,Architecture,21023-1,471,2015,"Flatiron Building, New York",39.99,$31.67,$31.67,$32.67,$32.80,$32.80,$33.27,$33.53,$33.40,$35.33,$35.33,$35.33,$35.20,$31.60,$32.80,$32.33,$32.33,$32.33,$32.33,$34.00,$35.40,$36.07,$36.07,$36.07,$36.07,$38.47,$40.87,$45.47,$50.80,$49.33,$52.13,$52.13,$52.13,$52.13,$52.13,$52.13,$54.87,$55.20,$55.87,$55.87,$55.87,$59.53,,,,,,,,
26,Architecture,21024-1,695,2015,Louvre,59.99,$55.00,$53.00,$49.27,$47.80,$46.60,$45.53,$45.67,$43.80,$43.67,$44.00,$42.33,$44.03,$47.97,$44.36,$43.69,$50.36,$53.73,$43.07,$48.53,$43.40,$47.50,$39.87,$48.70,$53.00,$59.05,$65.10,$68.94,$61.94,$68.07,$70.07,$61.11,$66.50,$63.12,$69.05,$64.20,$75.18,$78.86,$72.13,$61.07,$69.85,$72.75,,,,,,,,
27,Architecture,21026-1,212,2016,Venice,29.99,$45.00,$33.73,$31.07,$30.67,$29.20,$27.07,$25.33,$24.80,$24.33,$22.00,$23.73,$22.36,$27.97,$25.95,$22.53,$26.27,$26.80,$22.60,$20.73,$21.45,$23.88,$23.60,$24.47,$27.05,$35.26,$43.47,$36.83,$42.80,$44.73,$42.33,$42.27,$37.87,$38.27,$38.47,$39.67,$48.20,$57.10,$58.47,$68.87,$68.07,$55.73,,,,,,,,
28,Architecture,21027-1,289,2016,Berlin,29.99,,,$60.00,$33.50,$33.50,$33.50,$32.78,$29.60,$24.47,$23.07,$21.87,$22.07,$23.13,$25.47,$25.73,$25.73,$26.87,$27.14,$25.93,$22.33,$23.40,$23.40,$24.00,$23.07,$31.17,$39.27,$40.93,$42.67,$42.67,$42.73,$42.40,$42.40,$42.40,$42.13,$43.00,$44.88,$52.80,$57.80,$60.47,$59.07,$56.00,,,,,,,,
29,Architecture,21029-1,780,2016,UK landmark,49.99,,,,,,,,,$90.00,$60.00,$49.50,$46.60,$52.52,$45.71,$45.71,$45.32,$45.09,$45.94,$44.61,$45.40,$45.44,$42.85,$44.39,$46.03,$46.75,$47.46,$44.79,$44.38,$40.39,$40.58,$36.47,$39.42,$41.60,$39.07,$38.33,$42.13,$52.66,$46.07,$41.00,$45.73,$39.13,,,,,,,,
30,Architecture,21028-1,598,2016,New York City,59.99,$86.00,$53.81,$48.73,$45.94,$43.67,$41.53,$39.80,$40.84,$38.67,$40.93,$40.05,$44.33,$54.14,$48.19,$42.20,$39.33,$39.63,$38.94,$39.14,$37.60,$39.63,$37.33,$42.41,$48.90,$46.21,$43.52,$41.80,$45.79,$43.32,$50.76,$43.57,$41.30,$40.28,$39.83,$41.04,$43.83,$50.31,$45.25,$40.28,$40.19,$35.04,,,,,,,,
31,Architecture,21030-1,1032,2016,US landmark,99.99,,,,,$145.00,$145.00,$145.00,$145.00,$164.50,$95.76,$92.93,$89.12,$87.56,$86.36,$84.93,$87.35,$84.68,$80.27,$79.95,$75.05,$77.21,$79.44,$81.44,$83.59,$84.11,$84.63,$83.31,$85.75,$85.36,$86.73,$89.13,$80.63,$77.27,$77.20,$78.81,$84.29,$85.31,$85.67,$82.42,$77.36,$77.96,,,,,,,,
32,Architecture,21031-1,333,2016,Burj Khalifa,39.99,,$40.20,$35.75,$34.93,$35.13,$36.50,$36.40,$36.67,$35.80,$31.93,$28.27,$30.67,$35.56,$36.60,$29.47,$29.80,$31.93,$34.20,$33.60,$28.07,$31.20,$33.07,$29.33,$38.47,$43.04,$47.60,$53.67,$49.47,$50.40,$45.53,$44.00,$48.40,$48.47,$51.47,$53.87,$55.85,$64.87,$60.13,$61.40,$70.73,$76.20,,,,,,,,
33,Harry Potter,4701-1,48,2001,Sorting Hat,6.99,$40.60,$43.47,$42.33,$42.07,$41.87,$43.40,$41.87,$40.33,$38.13,$37.80,$43.27,$39.67,$40.60,$37.60,$34.87,$31.60,$34.33,$37.53,$36.80,$38.87,$39.20,$41.07,$37.20,$38.00,$41.97,$45.93,$45.47,$45.13,$41.07,$40.40,$34.47,$37.13,$36.40,$34.07,$34.93,$32.60,$35.40,$34.13,$33.53,$34.87,$42.40,,,,,,,,
34,Harry Potter,4702-1,60,2001,The Final Challenge,9.99,$47.47,$49.53,$49.40,$50.47,$50.13,$49.13,$48.53,$48.53,$44.47,$45.47,$47.60,$57.53,$50.87,$48.93,$46.53,$48.13,$49.00,$48.53,$48.40,$48.33,$48.67,$50.67,$50.80,$53.40,$51.84,$50.27,$51.87,$49.60,$45.87,$45.87,$46.67,$44.13,$42.60,$42.27,$43.00,$43.00,$43.00,$43.00,$43.00,$43.00,$43.07,,,,,,,,
35,Harry Potter,4704-1,175,2001,The Room of the Winged Keys,19.99,$70.73,$68.07,$68.07,$68.07,$68.07,$67.13,$67.13,$61.33,$59.53,$56.40,$57.07,$63.33,$62.20,$60.47,$61.27,$57.40,$57.40,$53.27,$53.27,$53.80,$55.27,$55.47,$60.73,$69.27,$71.94,$74.60,$74.60,$75.27,$75.60,$76.07,$76.07,$75.27,$75.27,$75.27,$71.93,$72.40,$72.40,$68.80,$68.80,$68.13,$66.53,,,,,,,,
36,Harry Potter,4705-1,163,2001,Snape's Class,19.99,$77.13,$75.20,$75.20,$73.80,$72.47,$69.73,$70.40,$65.67,$66.20,$59.40,$59.40,$71.07,$76.27,$79.87,$79.40,$66.53,$65.20,$64.93,$68.07,$66.47,$67.07,$68.73,$71.00,$79.67,$77.20,$74.73,$75.13,$72.13,$71.73,$71.40,$70.80,$56.27,$56.27,$56.27,$56.27,$61.00,$57.53,$59.20,$59.20,$57.53,$57.53,,,,,,,,
37,Harry Potter,4706-1,238,2001,Forbidden Corridor,29.99,$98.60,$100.13,$100.13,$98.13,$98.13,$98.13,$97.67,$96.47,$82.73,$70.47,$70.47,$79.67,$78.13,$73.20,$73.20,$77.27,$77.87,$77.87,$70.47,$67.73,$66.40,$63.87,$62.27,$62.93,$60.07,$57.20,$57.20,$57.20,$57.20,$57.20,$57.20,$57.20,$56.87,$58.67,$58.67,$58.33,$59.00,$59.00,$59.00,$59.00,$56.73,,,,,,,,
38,Harry Potter,4707-1,299,2001,Hagrid's Hut,29.99,$80.87,$77.80,$77.80,$77.80,$91.67,$93.80,$93.80,$91.80,$91.80,$102.00,$110.67,$106.80,$119.20,$117.67,$113.67,$113.67,$110.93,$112.93,$107.87,$106.20,$101.00,$97.53,$92.13,$93.60,$91.40,$89.20,$95.73,$92.20,$92.20,$93.20,$89.87,$89.87,$89.87,$88.67,$88.67,$88.67,$88.67,$88.67,$88.67,$79.40,$69.40,,,,,,,,
39,Harry Potter,4708-1,410,2001,Hogwarts Express,49.99,$260.00,$240.75,$224.60,$196.33,$185.38,$185.38,$185.38,$177.30,$163.42,$153.50,$146.67,$152.20,$165.40,$170.53,$170.53,$167.93,$161.07,$153.80,$160.13,$151.93,$159.00,$155.40,$154.60,$177.80,$173.24,$168.67,$163.93,$148.80,$145.07,$149.20,$85.60,$111.00,$82.40,$116.33,$139.80,$144.00,$115.67,$118.20,$120.40,$122.40,$122.40,,,,,,,,
40,Harry Potter,4709-1,682,2001,Hogwarts Castle,89.99,$237.60,$264.80,$282.00,$285.73,$300.07,$284.40,$284.40,$284.40,$278.33,$277.67,$277.73,$331.73,$345.73,$309.87,$287.60,$289.60,$277.93,$281.20,$281.20,$256.60,$281.07,$281.73,$302.27,$335.60,$329.67,$323.73,$323.13,$306.73,$316.20,$311.87,$307.60,$308.07,$283.87,$276.93,$225.33,$225.33,$200.73,$200.73,$200.73,$200.73,$182.33,,,,,,,,
41,Harry Potter,4721-1,73,2001,Hogwarts Classrooms,9.99,$56.33,$56.73,$57.13,$57.13,$57.80,$57.80,$55.60,$54.80,$55.53,$56.13,$56.13,$56.13,$59.00,$59.00,$59.00,$59.00,$58.64,$58.64,$58.33,$58.07,$58.07,$58.07,$59.00,$60.20,$60.07,$59.93,$59.93,$57.73,$56.87,$56.87,$57.33,$57.33,$57.33,$57.33,$53.87,$54.33,$51.07,$51.07,$51.07,$51.07,$50.73,,,,,,,,
42,Harry Potter,4722-1,68,2001,Gryffindor House,9.99,$49.00,$49.00,$47.33,$46.60,$46.60,$46.60,$47.20,$45.40,$46.47,$46.47,$46.47,$47.93,$48.20,$47.20,$48.67,$48.67,$50.20,$52.27,$49.73,$46.07,$45.33,$48.93,$48.88,$46.40,$45.57,$44.73,$47.87,$50.00,$50.00,$50.00,$50.00,$50.00,$50.00,$48.80,$48.60,$46.93,$43.53,$43.53,$43.53,$45.07,$45.07,,,,,,,,
43,Harry Potter,4723-1,80,2001,Diagon Alley Shops,9.99,$89.00,$89.00,$85.83,$85.83,$85.83,$79.63,$75.70,$73.54,$73.14,$72.93,$68.87,$70.53,$68.47,$68.33,$68.33,$68.67,$68.67,$68.67,$68.67,$69.07,$69.07,$73.27,$70.93,$68.80,$71.37,$73.93,$71.87,$71.53,$71.53,$71.53,$70.93,$70.60,$70.60,$67.87,$67.87,$65.07,$66.00,$62.20,$62.20,$62.20,$62.87,,,,,,,,
44,Harry Potter,4711-1,23,2002,Flying Lesson,3.99,$25.33,$26.33,$28.33,$29.00,$28.07,$28.07,$28.07,$26.73,$29.73,$30.93,$31.60,$32.93,$31.93,$31.13,$33.40,$36.07,$30.67,$26.73,$25.40,$33.67,$33.80,$31.13,$24.40,$24.67,$24.97,$25.27,$25.80,$24.93,$25.33,$24.60,$25.87,$25.67,$25.53,$24.53,$23.33,$23.33,$23.33,$23.33,$24.00,$24.60,$24.73,,,,,,,,
45,Harry Potter,4712-1,71,2002,Troll on the Loose,9.99,$47.60,$47.67,$47.00,$47.53,$47.53,$45.20,$45.33,$43.67,$44.33,$48.20,$49.13,$53.87,$54.33,$52.67,$53.40,$49.80,$51.07,$48.27,$49.87,$47.93,$49.33,$48.67,$43.93,$60.53,$56.57,$52.60,$44.67,$43.07,$43.33,$39.67,$39.67,$42.67,$40.20,$40.47,$39.87,$39.87,$41.80,$37.73,$34.40,$34.40,$35.27,,,,,,,,
46,Harry Potter,4714-1,250,2002,Gringott's Bank,29.99,$74.20,$74.20,$73.87,$73.78,$71.20,$71.20,$71.20,$69.87,$67.00,$67.00,$72.07,$74.53,$70.93,$70.20,$73.40,$71.07,$70.27,$67.33,$67.33,$67.33,$63.93,$63.93,$65.93,$67.47,$63.80,$60.13,$60.13,$59.60,$56.27,$53.80,$52.67,$54.33,$54.40,$54.40,$53.73,$54.67,$55.80,$57.80,$57.80,$59.00,$60.20,,,,,,,,
47,Harry Potter,4726-1,128,2002,Quidditch Practice,12.99,$53.33,$52.00,$50.93,$50.93,$51.93,$52.87,$52.87,$51.80,$51.80,$50.87,$53.47,$59.27,$65.80,$65.80,$64.93,$65.60,$65.60,$68.27,$64.53,$64.53,$64.20,$64.20,$61.53,$61.33,$59.70,$58.07,$59.20,$55.07,$51.27,$53.53,$51.53,$48.67,$43.47,$43.47,$40.27,$40.87,$40.87,$40.87,$40.87,$40.67,$39.87,,,,,,,,
48,Harry Potter,4727-1,178,2002,Aragog in the Dark Forest,19.99,$0.00,$49.00,$47.50,$45.71,$47.18,$47.18,$46.58,$45.21,$40.67,$40.27,$39.27,$43.40,$48.20,$46.87,$43.67,$38.27,$41.20,$41.13,$37.60,$40.73,$40.13,$37.13,$34.00,$46.73,$51.33,$55.93,$54.27,$51.53,$53.87,$53.13,$53.93,$54.47,$54.47,$54.47,$48.93,$50.93,$51.60,$48.53,$46.47,$46.47,$46.47,,,,,,,,
49,Harry Potter,4728-1,278,2002,Escare from the Privet Drive,29.99,$83.73,$87.67,$87.67,$87.67,$90.53,$91.73,$94.67,$95.40,$95.20,$105.87,$107.27,$120.13,$131.20,$132.47,$132.47,$131.80,$134.40,$123.73,$123.67,$123.67,$126.60,$126.60,$125.47,$127.87,$126.20,$124.53,$124.53,$122.20,$119.13,$116.73,$102.40,$99.33,$96.40,$96.07,$92.27,$98.27,$89.27,$89.27,$88.67,$88.67,$89.60,,,,,,,,
50,Harry Potter,4729-1,446,2002,Dambledor's Office,49.99,$130.73,$141.07,$141.07,$135.20,$135.20,$134.33,$133.13,$136.20,$136.20,$136.20,$138.13,$145.87,$170.67,$161.07,$160.73,$167.00,$167.93,$152.80,$134.53,$112.47,$117.00,$119.60,$123.27,$151.73,$159.30,$166.87,$164.27,$154.47,$152.80,$127.40,$116.93,$111.80,$110.93,$120.40,$120.40,$123.87,$141.60,$141.60,$141.60,$145.07,$145.07,,,,,,,,
51,Harry Potter,4730-1,591,2002,The Chamber of Secrets ,69.99,$187.93,$207.87,$211.60,$211.60,$212.93,$212.13,$213.00,$211.00,$211.00,$215.80,$218.47,$224.00,$207.20,$211.87,$217.00,$220.73,$211.73,$211.73,$210.67,$198.00,$182.07,$182.07,$182.07,$183.47,$175.00,$166.53,$166.40,$175.67,$201.33,$205.13,$205.13,$202.00,$194.93,$192.80,$193.33,$193.33,$193.60,$193.60,$193.60,$197.80,$197.80,,,,,,,,
52,Harry Potter,4731-1,70,2002,Dobby's Release,6.99,$34.07,$32.73,$33.73,$33.73,$33.73,$32.07,$33.00,$32.47,$32.47,$32.47,$29.67,$28.00,$34.13,$27.27,$25.13,$23.53,$24.07,$25.27,$24.53,$25.20,$27.33,$26.00,$29.87,$34.93,$35.67,$36.40,$39.00,$39.07,$37.07,$37.40,$35.60,$33.93,$30.27,$29.60,$27.07,$25.33,$25.67,$25.00,$24.20,$25.00,$24.00,,,,,,,,
53,Harry Potter,4733-1,129,2002,The Dueling Club,19.99,$59.13,$55.67,$54.80,$53.00,$53.07,$53.20,$52.20,$52.53,$52.00,$51.70,$51.47,$51.60,$58.00,$58.00,$54.47,$54.67,$54.13,$54.13,$51.40,$51.20,$52.87,$51.27,$52.07,$56.07,$60.07,$64.07,$67.73,$62.13,$50.87,$48.20,$48.20,$48.87,$48.87,$48.87,$45.33,$45.33,$49.27,$47.67,$47.67,$47.67,$48.00,,,,,,,,
54,Harry Potter,4735-1,90,2002,Slytherin,9.99,$48.80,$48.67,$49.20,$47.93,$47.07,$47.07,$46.00,$46.60,$47.00,$47.60,$47.60,$48.47,$47.87,$52.80,$51.00,$49.20,$49.73,$48.20,$48.20,$48.67,$46.40,$46.00,$48.67,$49.40,$50.34,$51.27,$55.67,$55.47,$55.67,$52.00,$49.13,$48.13,$48.80,$49.00,$44.53,$43.60,$43.60,$41.53,$38.53,$38.53,$38.53,,,,,,,,
55,Harry Potter,4719-1,120,2003,Quality Quidditch Supplies,9.99,$49.90,$50.33,$50.33,$51.85,$51.85,$81.85,$51.85,$53.87,$53.87,$53.87,$53.87,$55.13,$61.47,$60.40,$58.33,$58.33,$57.80,$57.80,$58.07,$58.07,$58.07,$55.40,$48.40,$45.87,$44.70,$43.53,$43.53,$43.53,$43.53,$42.60,$42.60,$43.67,$43.67,$44.87,$45.60,$50.87,$55.47,$61.33,$58.87,$59.27,$58.33,,,,,,,,
56,Harry Potter,4720-1,209,2003,Knockturn Alley,19.99,$90.20,$90.20,$91.18,$91.18,$91.18,$91.18,$91.18,$88.46,$88.46,$87.64,$88.47,$84.13,$80.50,$81.57,$81.57,$81.57,$81.57,$81.57,$78.47,$75.47,$75.47,$75.47,$75.47,$75.73,$76.58,$77.42,$77.42,$77.42,$79.43,$75.00,$76.20,$79.53,$87.53,$87.53,$84.00,$86.87,$89.87,$89.87,$90.07,$89.07,$89.07,,,,,,,,
57,Harry Potter,10132-1,708,2004,Motorised Hogwarts Express,119.99,$487.00,$437.75,$437.75,$437.75,$437.75,$437.75,$437.75,$437.75,$437.75,$437.75,$437.75,$437.75,$290.00,$290.00,$290.00,$290.00,$290.00,$290.00,$290.00,$290.00,$290.00,$290.00,$290.00,$220.00,$185.00,$150.00,$150.00,$150.00,$150.00,$150.00,$305.50,$305.50,$305.50,$305.50,$305.50,$356.50,$356.50,$356.50,$356.50,$320.20,$320.20,,,,,,,,
58,Harry Potter,4695-1,58,2004,Mini Harry Potter Knight Bus,NI,$27.20,$29.60,$31.27,$32.73,$32.73,$32.60,$33.60,$24.40,$22.20,$24.33,$24.73,$26.53,$27.67,$28.53,$27.53,$29.27,$26.67,$28.20,$25.60,$26.93,$27.27,$27.73,$31.07,$32.27,$31.50,$30.73,$31.07,$26.73,$25.73,$26.53,$27.73,$28.07,$27.13,$28.53,$29.53,$29.33,$30.80,$30.80,$32.53,$32.53,$32.27,,,,,,,,
59,Harry Potter,4750-1,36,2004,Draco's Encounter with Buckbeak,7.99,$45.13,$48.40,$48.40,$48.40,$48.40,$49.20,$49.20,$49.73,$51.67,$51.93,$52.47,$51.07,$46.93,$40.20,$39.13,$39.20,$38.00,$38.00,$37.47,$37.07,$36.73,$37.53,$39.33,$41.47,$41.47,$41.47,$41.47,$41.47,$41.47,$40.40,$39.40,$39.40,$39.67,$34.73,$32.93,$32.93,$32.53,$32.53,$30.67,$29.53,$28.93,,,,,,,,
60,Harry Potter,4751-1,109,2004,Harry and the Marauder's Map,9.99,$43.87,$45.47,$45.47,$45.47,$45.47,$45.47,$47.87,$48.27,$48.27,$49.33,$48.47,$54.27,$48.47,$40.93,$43.13,$40.33,$37.67,$40.27,$39.33,$42.00,$47.33,$47.33,$47.00,$49.47,$49.47,$49.47,$49.47,$50.20,$48.73,$51.40,$50.20,$55.67,$55.13,$55.13,$58.20,$59.87,$59.87,$59.87,$59.87,$59.87,$62.20,,,,,,,,
61,Harry Potter,4752-1,156,2004,Professor Lupin's Classroom,19.99,$80.60,$80.60,$80.60,$80.60,$80.60,$80.60,$80.60,$82.93,$76.93,$77.93,$77.93,$78.47,$77.07,$77.33,$79.33,$87.47,$89.67,$92.53,$92.27,$87.93,$84.93,$81.07,$80.80,$81.67,$85.20,$88.73,$89.73,$93.40,$93.40,$87.73,$87.73,$89.67,$89.60,$80.73,$80.73,$82.40,$78.20,$80.00,$79.33,$79.33,$74.07,,,,,,,,
62,Harry Potter,4753-1,188,2004,Sirius Black's Escape,19.99,$99.20,$94.67,$91.33,$91.33,$91.33,$91.33,$91.20,$96.27,$101.60,$97.00,$94.14,$97.13,$90.53,$90.73,$92.73,$94.20,$93.00,$91.00,$93.87,$91.33,$88.73,$89.13,$88.53,$93.27,$93.24,$93.20,$94.93,$96.27,$92.33,$94.80,$97.80,$99.40,$95.87,$102.20,$102.20,$102.67,$102.67,$108.73,$110.40,$110.40,$110.40,,,,,,,,
63,Harry Potter,4754-1,302,2004,Hagrid's Hut,29.99,$83.33,$83.33,$83.33,$83.33,$84.20,$84.20,$84.20,$84.20,$84.20,$84.20,$84.40,$81.27,$71.86,$71.86,$78.00,$78.00,$78.00,$75.70,$75.70,$78.75,$81.15,$81.15,$81.15,$86.33,$91.57,$96.80,$96.80,$91.27,$90.83,$90.83,$85.38,$87.00,$87.00,$85.87,$85.87,$85.87,$85.87,$85.87,$83.20,$80.13,$80.13,,,,,,,,
64,Harry Potter,4755-1,243,2004,Knight Bus,29.99,$77.27,$82.80,$82.80,$82.80,$82.80,$85.87,$85.87,$88.20,$88.73,$84.67,$86.80,$94.40,$98.73,$97.40,$98.00,$96.53,$92.80,$90.47,$86.07,$75.53,$71.87,$79.47,$79.47,$87.20,$92.14,$97.07,$93.93,$99.33,$100.00,$92.67,$94.87,$97.87,$96.93,$76.53,$77.53,$77.53,$83.93,$87.60,$92.40,$92.40,$93.80,,,,,,,,
65,Harry Potter,4756-1,444,2004,Shrieking Shack,49.99,$235.93,$235.93,$235.93,$235.93,$235.93,$235.93,$235.93,$235.93,$235.93,$235.93,$235.93,$235.93,$177.50,$177.50,$188.33,$204.25,$216.50,$114.50,$222.22,$222.22,$222.22,$227.50,$229.18,$230.08,$232.71,$235.33,$235.33,$235.00,$235.00,$235.00,$211.47,$215.93,$218.93,$218.93,$220.20,$225.20,$219.47,$231.60,$231.60,$226.47,$228.07,,,,,,,,
66,Harry Potter,4757-1,944,2004,Hogwarts Castle,89.99,$0.00,$184.00,$170.75,$180.56,$180.30,$176.91,$196.13,$174.00,$209.67,$210.40,$224.93,$217.87,$297.50,$297.50,$325.00,$333.75,$333.75,$341.00,$341.00,$323.50,$295.13,$301.22,$289.64,$350.40,$378.30,$406.20,$410.33,$383.93,$367.53,$367.53,$373.67,$378.33,$378.33,$378.33,$369.80,$373.67,$382.80,$382.80,$382.80,$365.27,$374.20,,,,,,,,
67,Harry Potter,4758-1,389,2004,Hogwarts Express,39.99,$134.00,$134.00,$134.00,$134.00,$134.00,$134.00,$134.00,$138.50,$138.50,$138.50,$138.50,$153.70,$202.25,$202.25,$209.00,$196.71,$196.71,$197.13,$197.13,$183.91,$189.85,$181.20,$181.20,$181.27,$170.30,$159.33,$159.33,$159.33,$159.33,$159.33,$159.33,$159.33,$148.40,$143.27,$139.50,$140.62,$143.43,$136.40,$136.40,$136.40,$136.40,,,,,,,,
68,Harry Potter,4762-1,175,2005,Rescue from the Merpeople,19.99,$153.07,$153.07,$153.07,$153.07,$153.07,$153.07,$153.07,$153.07,$153.07,$153.07,$153.07,$146.40,$121.80,$121.80,$121.80,$121.80,$121.80,$122.33,$130.57,$118.38,$127.08,$121.14,$118.87,$113.67,$117.97,$122.27,$119.47,$119.47,$118.80,$118.80,$123.93,$123.93,$134.47,$128.73,$133.87,$133.87,$134.20,$134.20,$134.20,$137.47,$137.47,,,,,,,,
69,Harry Potter,4766-1,548,2005,Graveyard Duel,29.99,$233.47,$232.33,$239.87,$239.87,$239.87,$248.70,$240.87,$240.87,$241.53,$241.53,$244.87,$240.27,$238.13,$235.89,$235.89,$235.89,$231.80,$236.73,$226.50,$226.50,$226.50,$233.20,$236.33,$231.13,$237.33,$243.53,$247.80,$249.13,$244.20,$228.40,$217.07,$208.33,$207.93,$211.80,$206.33,$199.07,$198.60,$198.60,$198.60,$198.60,$183.13,,,,,,,,
70,Harry Potter,4767-1,265,2005,Harry and Hungarian Horntail,29.99,$250.93,$252.64,$250.47,$250.47,$250.47,$250.47,$250.47,$239.40,$239.40,$239.40,$236.07,$229.40,$165.50,$165.50,$165.50,$165.50,$165.50,$174.98,$174.89,$182.18,$182.18,$182.18,$182.18,$191.08,$198.19,$205.29,$201.33,$201.33,$185.20,$173.36,$180.58,$180.58,$180.58,$180.58,$169.77,$169.77,$167.86,$167.86,$151.00,$146.33,$146.33,,,,,,,,
71,Harry Potter,4768-1,550,2005,The Durmstrang Ship,49.99,$198.77,$198.77,$198.77,$198.77,$198.77,$198.77,$198.77,$198.77,$198.77,$198.77,$198.77,$198.77,,,,,,,,,,,,,,$0.00,$0.00,$0.00,$0.00,,,,,,,,,,,,,,,,,,,,
72,Harry Potter,4768-2,566,2005,The Durmstrang Ship with minifigures,NI,$175.88,$186.40,$193.27,$193.27,$193.27,$193.27,$193.27,$193.75,$196.54,$196.54,$189.93,$201.47,$201.87,$199.07,$199.53,$201.13,$200.80,$197.07,$197.07,$192.87,$192.87,$193.80,$103.00,$196.40,$191.90,$187.40,$186.60,$186.07,$179.93,$179.93,$178.27,$178.27,$178.27,$178.27,$178.27,$178.27,$178.27,$178.27,$178.27,$171.07,$150.40,,,,,,,,
73,Harry Potter,5378-1,943,2007,Hogwats Castle,89.99,$432.93,$422.20,$418.53,$418.53,$409.60,$409.60,$422.93,$410.27,$425.87,$425.87,$451.47,$485.53,$475.12,$485.40,$485.40,$483.40,$428.73,$404.20,$404.20,$416.33,$416.33,$428.93,$450.33,$471.27,$419.08,$366.88,$366.88,$366.88,$350.56,$287.00,$287.00,$225.00,$161.00,$218.00,$235.20,$472.50,$488.29,$516.20,$553.60,$552.60,$571.60,,,,,,,,
74,Harry Potter,4736-1,73,2010,Freeing Dobby,10.99,$32.85,$31.17,$32.35,$30.33,$30.78,$30.47,$32.87,$31.86,$31.47,$34.67,$33.17,$38.62,$38.31,$34.91,$36.59,$32.40,$34.17,$34.56,$34.00,$33.26,$35.72,$36.59,$38.27,$40.29,$39.00,$37.70,$34.52,$37.62,$45.81,$37.87,$34.35,$35.05,$36.33,$26.27,$32.44,$35.13,$38.13,$32.93,$31.47,$29.93,$31.20,,,,,,,,
75,Harry Potter,4737-1,153,2010,Quidditch Match,19.99,$115.23,$98.00,$96.33,$103.60,$103.20,$94.07,$93.73,$100.17,$102.67,$112.39,$109.94,$127.66,$127.08,$109.93,$106.40,$104.33,$101.87,$106.00,$103.73,$105.95,$107.65,$110.07,$107.20,$128.03,$120.62,$113.20,$113.67,$109.00,$94.58,$93.73,$93.33,$90.87,$92.33,$70.73,$82.33,$88.33,$86.93,$86.20,$81.20,$78.93,$75.13,,,,,,,,
76,Harry Potter,4738-1,442,2010,Hagrid's Hut,39.99,$154.26,$129.33,$130.53,$131.67,$129.53,$128.60,$123.07,$117.87,$131.40,$129.33,$128.25,$136.11,$148.25,$122.80,$117.07,$110.20,$122.33,$121.13,$122.80,$124.25,$122.38,$131.40,$145.79,$136.38,$135.49,$134.60,$142.13,$146.13,$137.00,$105.13,$107.60,$113.60,$112.67,$128.67,$136.47,$132.33,$121.07,$125.67,$125.13,$125.20,$129.93,,,,,,,,
77,Harry Potter,4840-1,568,2010,The Burrow,59.99,$208.00,$172.50,$182.20,$182.20,$181.93,$181.67,$161.60,$189.67,$214.67,$218.40,$207.33,$219.79,$231.26,$197.47,$185.80,$182.87,$177.93,$193.33,$181.73,$164.93,$185.20,$187.67,$180.93,$209.53,$194.07,$178.60,$206.20,$202.87,$211.13,$190.00,$167.53,$185.60,$202.00,$222.20,$224.00,$220.20,$203.13,$205.00,$215.00,$215.00,$210.67,,,,,,,,
78,Harry Potter,4841-1,646,2010,Hogwarts Express,79.99,$285.65,$262.47,$247.53,$244.07,$246.47,$245.33,$249.00,$250.80,$260.00,$263.93,$270.53,$294.73,$274.31,$269.67,$246.53,$251.53,$253.67,$221.60,$246.93,$275.47,$277.53,$291.40,$299.27,$273.87,$279.90,$285.93,$280.47,$295.00,$286.80,$270.47,$256.40,$229.53,$218.07,$200.27,$195.67,$160.00,$170.87,$154.20,$154.20,$179.53,$179.53,,,,,,,,
79,Harry Potter,4842-1,1290,2010,Hogwarts Castle,129.99,$444.69,$469.76,$450.80,$413.60,$405.07,$423.47,$426.06,$412.93,$419.41,$432.27,$483.57,$473.49,$488.01,$475.27,$459.87,$443.87,$450.39,$418.40,$431.00,$462.27,$449.27,$461.00,$444.10,$505.03,$464.78,$424.53,$406.80,$422.39,$337.78,$382.60,$327.13,$342.28,$297.30,$298.05,$289.33,$311.00,$301.67,$293.00,$286.07,$296.20,$288.40,,,,,,,,
80,Harry Potter,10217-1,2025,2011,Diagon Alley,149.99,$340.70,$335.20,$345.20,$352.33,$359.07,$362.07,$362.00,$382.93,$384.27,$366.60,$380.55,$365.94,$381.43,$386.27,$401.95,$378.18,$378.20,$364.73,$366.33,$339.07,$372.80,$385.13,$352.73,$367.33,$369.64,$371.94,$368.20,$388.13,$378.67,$372.60,$328.93,$321.50,$318.20,$350.94,$360.27,$365.67,$346.07,$354.60,$390.13,$390.47,$369.40,,,,,,,,
81,Harry Potter,30110-1,22,2011,Trolley,4.99,$18.83,$21.93,$18.72,$19.27,$19.27,$19.27,$19.20,$19.80,$20.67,$23.60,$19.73,$21.27,$22.81,$19.67,$20.67,$21.53,$19.40,$20.80,$21.00,$22.47,$23.20,$23.07,$22.80,$24.07,$24.47,$24.87,$25.50,$25.33,$23.60,$21.33,$18.67,$15.40,$13.67,$12.80,$12.80,$13.53,$17.13,$15.73,$13.20,$13.47,$12.87,,,,,,,,
82,Harry Potter,30111-1,34,2011,The Lab,3.99,$11.88,$11.59,$9.13,$9.87,$11.81,$12.47,$11.27,$12.20,$12.03,$10.74,$11.05,$13.60,$14.27,$14.37,$14.28,$13.61,$14.15,$15.24,$13.87,$12.53,$13.71,$14.82,$16.13,$17.25,$16.63,$16.00,$13.76,$14.26,$12.00,$11.00,$13.40,$12.00,$12.24,$12.73,$10.68,$11.67,$11.00,$11.53,$11.53,$12.20,$12.00,,,,,,,,
83,Harry Potter,40028-1,64,2011,Mini Hogwarts Express,3.99,$13.65,$14.80,$12.73,$12.87,$12.87,$12.87,$13.27,$11.67,$12.60,$12.47,$13.60,$15.27,$15.79,$14.07,$12.60,$11.80,$11.80,$13.67,$14.20,$14.27,$16.13,$21.73,$17.73,$17.44,$16.89,$16.33,$14.13,$12.67,$14.07,$14.20,$14.07,$14.00,$12.33,$13.80,$13.53,$14.73,$14.60,$15.00,$14.87,$12.87,$13.33,,,,,,,,
84,Harry Potter,4865-1,64,2011,The Forbidden Forest,11.99,$49.84,$50.38,$48.80,$42.53,$43.80,$45.73,$40.93,$42.00,$45.20,$45.60,$47.00,$53.54,$54.70,$49.00,$44.13,$41.76,$37.80,$41.27,$42.60,$48.12,$44.80,$49.73,$54.62,$51.35,$48.74,$46.13,$43.13,$48.47,$49.16,$47.07,$49.60,$50.53,$43.13,$43.00,$43.00,$46.27,$48.80,$45.60,$45.60,$44.60,$43.33,,,,,,,,
85,Harry Potter,4866-1,257,2011,The Knight Bus,34.99,$111.39,$95.38,$100.60,$104.47,$89.27,$86.33,$86.80,$97.27,$97.60,$110.07,$117.60,$124.82,$119.07,$109.53,$102.47,$105.07,$107.94,$103.00,$113.80,$108.93,$118.00,$113.35,$117.13,$138.43,$133.22,$128.00,$119.40,$125.73,$121.72,$129.73,$131.33,$135.87,$149.28,$141.55,$141.27,$156.13,$148.33,$146.40,$146.40,$135.87,$132.93,,,,,,,,
86,Harry Potter,4867-1,466,2011,Hogwarts,49.99,$176.21,$152.52,$143.87,$145.40,$166.20,$167.53,$165.33,$163.00,$181.20,$173.60,$172.77,$195.75,$206.67,$189.53,$190.60,$172.25,$177.55,$163.13,$163.94,$184.04,$207.62,$213.25,$230.10,$266.72,$256.30,$245.87,$220.80,$194.93,$185.81,$208.83,$178.76,$159.73,$175.73,$169.47,$154.00,$181.00,$184.60,$180.73,$148.60,$144.00,$149.47,,,,,,,,
87,Harry Potter,VSDCC1-1,5,2011,Voldemort Minifigure,NI,$262.47,$285.73,$313.93,$314.93,$310.00,$299.13,$272.93,$154.87,$114.27,$114.27,$114.27,$114.27,$114.27,$114.27,$114.27,$114.27,$114.27,$114.27,$114.27,$114.27,$114.27,$114.27,$114.27,$114.27,$0.00,$0.00,$0.00,$0.00,$0.00,,,,,,,,,,,,,,,,,,,,
88,Discovery,10029-1,453,2003,Lunar Lander,39.99,$348.14,$339.00,$354.00,$354.00,$354.00,$354.00,$354.00,$327.90,$304.58,$299.77,$305.14,$305.14,$262.14,$280.00,$280.00,$283.18,$283.18,$283.18,$284.58,$284.58,$283.85,$294.93,$294.93,$286.93,$305.59,$324.25,$312.20,$339.33,$336.23,$336.23,$329.57,$315.33,$315.33,$326.33,$324.00,$319.73,$319.73,$297.47,$302.27,$282.27,$289.00,,,,,,,,
89,Discovery,7467-1,162,2003,International Space Station,14.99,$89.56,$87.42,$86.46,$85.29,$85.29,$85.29,$79.53,$79.53,$79.53,$80.73,$70.23,$67.78,$71.47,$76.80,$78.87,$89.20,$89.20,$92.33,$99.07,$99.20,$83.80,$81.87,$81.67,$80.33,$85.33,$90.33,$95.80,$95.80,$97.67,$97.67,$97.67,$97.67,$101.00,$102.00,$102.00,$109.93,$98.53,$97.47,$93.20,$99.87,$99.87,,,,,,,,
90,Discovery,7468-1,178,2003,Saturn V Moon Mission,19.99,$140.47,$145.80,$146.53,$146.53,$146.53,$146.53,$146.53,$145.20,$145.60,$144.27,$143.53,$148.27,$152.60,$160.67,$152.67,$156.80,$150.53,$145.60,$159.07,$168.73,$171.80,$171.27,$169.67,$152.33,$135.43,$118.53,$118.53,$124.60,$122.07,$126.53,$129.87,$113.53,$106.87,$92.20,$86.93,$86.20,$89.47,$90.53,$94.60,$93.73,$93.73,,,,,,,,
91,Discovery,7469-1,418,2003,Mission to Mars,29.99,$84.87,$87.60,$85.80,$83.87,$83.87,$83.87,$73.67,$69.40,$69.00,$66.20,$64.00,$57.93,$61.40,$65.20,$65.20,$74.53,$74.53,$76.67,$76.87,$83.53,$92.87,$94.53,$94.53,$98.13,$97.90,$97.67,$100.80,$101.80,$103.80,$103.33,$99.33,$83.27,$76.33,$75.13,$70.53,$74.73,$79.40,$81.20,$83.47,$88.07,$89.73,,,,,,,,
92,Discovery,7470-1,828,2003,Space Shuttle Discovery-STS-31,49.99,$170.82,$170.50,$170.50,$170.54,$170.54,$169.07,$169.07,$162.67,$161.67,$155.13,$155.13,$153.33,$141.73,$139.00,$140.47,$134.13,$125.47,$126.47,$131.67,$126.20,$129.87,$137.27,$144.60,$144.93,$150.33,$155.73,$151.20,$142.13,$144.60,$142.67,$142.67,$142.00,$156.67,$156.67,$160.87,$163.33,$169.60,$174.13,$174.13,$174.13,$170.27,,,,,,,,
93,Discovery,7471-1,870,2003,Mars Exploration Rover,89.99,$155.53,$156.13,$152.27,$152.27,$152.27,$150.33,$150.33,$144.27,$141.07,$141.07,$128.13,$122.40,$119.67,$113.93,$197.27,$106.67,$110.33,$110.33,$110.33,$110.93,$121.33,$122.73,$130.07,$124.00,$127.57,$131.13,$139.47,$139.47,$136.53,$136.53,$134.53,$144.00,$141.47,$133.73,$129.00,$126.67,$127.13,$127.13,$127.13,$127.13,$127.13,,,,,,,,
94,Hobby,390-2,200,1975,1913 Cadillac,NI,$65.00,$65.00,$52.50,$35.14,$24.00,$24.53,$27.13,$26.87,$25.07,$25.07,$25.07,$25.07,$25.07,$25.07,$25.07,$25.07,$25.07,$25.07,$25.07,$25.07,$25.07,$25.07,$25.07,$25.07,$0.00,$0.00,$0.00,$0.00,$0.00,,,,,,,,,,,,,,,,,,,,
95,Hobby,391-1,237,1975,1926 Renault,NI,$40.00,$40.00,$47.00,$47.00,$48.50,$51.00,$51.00,$53.28,$53.38,$53.38,$53.38,$53.38,$55.29,$55.29,$55.29,$55.29,$55.29,$55.29,$55.29,$55.29,$55.29,$55.29,$55.29,$55.29,$0.00,$0.00,$0.00,$0.00,$0.00,,,,,,,,,,,,,,,,,,,,
96,Hobby,392-1,197,1975,Formula 1,NI,,,,$80.00,$80.00,$80.00,$77.50,$73.75,$73.75,$73.75,$73.75,$73.75,$73.75,$73.75,$73.75,$73.75,$73.75,$73.75,$73.75,$73.75,$73.75,$73.75,$73.75,$73.75,$0.00,$0.00,$0.00,$0.00,$0.00,,$38.33,$42.88,$47.00,$47.00,$47.00,$47.00,$47.00,$47.00,$47.00,$47.00,$47.00,,,,,,,,
97,Hobby,393-1,133,1976,Norton Motocycle,NI,$66.00,$66.00,$66.00,$66.33,$61.30,$64.85,$63.40,$64.47,$65.73,$65.73,$65.73,$65.73,$62.57,$62.57,$62.57,$62.57,$62.57,$62.57,$62.57,$62.57,$62.57,$62.57,$62.57,$62.57,$0.00,$0.00,$0.00,$0.00,$0.00,,,,,,,,,,,,$28.00,,,,,,,,
98,Hobby,394-1,143,1976,Harley-Davidson 1000CC,NI,$57.73,$57.73,$57.73,$60.87,$63.40,$66.27,$73.80,$74.53,$75.47,$79.87,$82.93,$86.00,$90.60,$93.27,$93.27,$93.27,$93.27,$93.27,$93.27,$93.27,$93.27,$93.27,$93.27,$93.27,$109.14,$125.00,$125.00,$125.00,$125.00,$125.00,$125.00,$125.00,$125.00,$125.00,$125.00,$125.00,$125.00,$125.00,$125.00,$125.00,$125.00,,,,,,,,
99,Hobby,395-1,281,1976,1909 Rolls-Royce,NI,$83.00,$83.00,$83.00,$83.00,$83.00,$83.00,$83.00,$83.00,$83.00,$83.00,$83.00,$83.00,$20.00,$20.00,$20.00,$20.00,$20.00,$20.00,$20.00,$20.00,$20.00,$20.00,$20.00,$20.00,$0.00,$0.00,$0.00,$0.00,$0.00,,,,$20.00,$20.00,$20.00,$16.50,$16.50,$16.00,$16.00,$16.00,$16.00,,,,,,,,
100,Hobby,396-1,438,1976,Thatcher Perkins Locomotive,NI,$27.55,$32.75,$32.75,$35.00,$35.00,$35.00,$38.80,$43.47,$43.47,$43.47,$43.47,$43.47,$74.00,$74.00,$74.00,$74.00,$74.00,$74.00,$74.00,$74.00,$74.00,$74.00,$74.00,$74.00,$0.00,$0.00,$0.00,$0.00,$0.00,,,,,,,,,,,,,,,,,,,,
101,Hobby,398-1,973,1978,USS Constellation,NI,$26.07,$24.33,$24.33,$23.00,$24.60,$29.40,$33.20,$34.47,$39.07,$39.33,$39.33,$39.33,$38.75,$37.31,$37.31,$37.31,$37.31,$37.31,$37.31,$37.31,$37.31,$37.31,$37.31,$37.31,$28.66,$20.00,$20.00,$20.00,$20.00,$20.00,$20.00,$20.00,$20.00,$20.00,$20.00,$20.00,$20.00,$20.00,$20.00,$20.00,$20.00,,,,,,,,
102,Hobby,10021-1,973,2003,USS Constellation,59.99,$171.50,$170.43,$170.43,$170.43,$170.43,$170.43,$170.43,$170.43,$164.50,$164.50,$164.50,$164.50,$143.50,$143.50,$143.50,$143.50,$147.67,$160.60,$148.83,$148.83,$148.83,$148.83,$148.83,$156.29,$147.77,$139.25,$139.25,$118.00,$118.00,$115.11,$102.18,$102.18,$97.17,$97.17,$97.17,$97.17,$105.08,$105.08,$105.08,$106.50,$112.67,,,,,,,,
103,Advanced Models,10251-1,2380,2016,Brick Bank,170,$238.13,$205.21,$207.80,$212.40,$213.87,$210.53,$206.53,$194.87,$181.73,$179.40,$176.27,$164.67,$163.05,$160.33,$160.93,$158.07,$150.57,$152.07,$157.07,$190.20,$158.47,$158.58,$145.72,$154.58,$153.04,$151.50,$163.20,$147.92,$127.56,$135.27,$150.73,$148.73,$148.40,$132.17,$142.46,$174.83,$256.47,$246.94,$229.73,$210.52,$211.00,,,,,,,,
104,Advanced Models,10252-1,1167,2016,Volkswagen Beetle,99.99,,,,,,,$188.33,$143.73,$123.75,$121.80,$118.96,$119.32,$124.88,$98.21,$100.07,$101.20,$125.13,$96.20,$89.47,$97.33,$95.47,$10.53,$83.33,$88.95,$95.13,$101.31,$86.11,$97.96,$103.11,$93.00,$93.20,$87.00,$87.05,$72.82,$81.33,$79.95,$89.45,$89.20,$83.85,$81.60,$74.93,,,,,,,,
105,Advanced Models,10253-1,,2016,Big Ben,249.99,,,,,,$365.00,$301.13,$281.93,$254.50,$272.72,$230.07,$238.97,$242.22,$210.76,$234.78,$230.35,$235.67,$219.53,$224.93,$233.33,$248.27,$244.33,$225.27,$227.80,$216.80,$205.80,$196.47,$214.87,$223.00,$206.60,$193.00,$217.00,$199.20,$197.73,$202.47,$219.11,$268.85,$277.60,$279.00,$271.73,$279.27,,,,,,,,
106,Advanced Models,71040-1,4080,2016,The Disney Castle,349.99,,,,,,,,$500.71,$453.32,$473.09,$439.03,$402.16,,,,,,,,,,,,,,$370.06,$382.02,$362.39,$355.57,$342.41,$323.45,$333.30,$344.78,$329.41,$347.53,$349.91,$347.50,$324.06,$305.20,$331.06,$342.71,,,,,,,,
107,Advanced Models,3450-1,2882,2000,Statue of Liberty,198.99,"$1,790.00","$1,790.00","$1,790.00","$1,790.00","$1,790.00","$1,790.00","$1,790.00","$1,790.00","$1,790.00","$1,790.00","$1,790.00","$1,790.00",,,"$1,490.00","$1,650.00","$1,650.00","$1,650.00","$1,740.00","$1,700.00","$1,700.00","$1,760.00","$1,760.00","$1,710.00","$1,649.95","$1,589.90","$1,529.18","$1,529.18","$1,529.18","$1,510.00","$1,510.00","$1,510.00","$1,510.00","$1,510.00","$1,510.00","$1,510.00","$1,510.00","$1,401.43","$1,351.33","$1,249.67","$1,249.67",,,,,,,,
108,Advanced Models,3723-1,1849,2000,Lego Mini-Figure,148.99,$787.25,$787.25,$787.25,$787.25,$787.25,$787.25,$787.25,$787.25,$787.25,$787.25,$787.25,$787.25,,,,,,,,,,,,,,$0.00,$80.00,$80.00,$80.00,$80.00,$80.00,$80.00,$80.00,$80.00,$80.00,$80.00,$80.00,$80.00,$267.50,$267.50,$267.50,,,,,,,,
109,Advanced Models,3451-1,574,2001,Sopwith Camel,49.99,$139.47,$137.07,$140.13,$138.53,$138.53,$138.53,$137.87,$135.67,$138.73,$135.93,$132.67,$142.40,$141.73,$138.93,$138.67,$157.13,$154.47,$154.47,$156.20,$155.47,$149.07,$143.40,$136.60,$132.33,$127.97,$123.60,$127.27,$144.53,$160.67,$164.73,$167.73,$167.73,$167.73,$161.47,$159.53,$137.93,$131.00,$140.00,$135.27,$132.93,$119.20,,,,,,,,
110,Advanced Models,3724-1,1530,2001,Lego Dragon,98.99,,,,,,,,,,,,$650.00,$650.00,$650.00,$650.00,$650.00,$650.00,$725.00,$725.00,$725.00,$725.00,$725.00,$725.00,$725.00,$762.50,$800.00,$800.00,$800.00,$800.00,$800.00,$800.00,$800.00,$605.67,$605.67,$605.67,$605.67,$605.67,$605.67,$499.25,$499.25,$499.25,,,,,,,,
111,Advanced Models,10024-1,664,2002,Red Baron,49.99,$184.87,$157.93,$184.87,$187.53,$187.53,$187.33,$195.87,$195.87,$200.53,$236.60,$252.73,$258.07,$280.93,$280.93,$288.13,$289.60,$283.47,$284.87,$284.87,$276.40,$276.40,$275.07,$275.07,$286.73,$288.53,$290.33,$289.27,$286.00,$286.00,$315.80,$315.80,$293.27,$301.93,$293.60,$293.60,$280.27,$282.13,$282.13,$284.53,$284.53,$286.00,,,,,,,,
112,Advanced Models,10124-1,670,2003,Wright Flyer,59.99,$262.20,$262.20,$262.20,$262.20,$262.20,$262.20,$246.47,$238.67,$235.53,$242.00,$245.67,$245.67,$246.55,$249.69,$249.69,$276.93,$289.67,$294.93,$297.93,$270.93,$270.93,$286.13,$286.13,$285.53,$281.80,$278.07,$278.07,$278.07,$278.07,$278.07,$278.07,$278.07,$278.07,$269.73,$253.87,$257.53,$244.53,$242.87,$249.53,$250.80,$240.87,,,,,,,,
113,Advanced Models,10152-1,988,2004,Maersk Sealand Container Ship,74.99,$206.47,$200.07,$201.20,$201.20,$201.13,$194.57,$182.87,$180.40,$173.60,$173.60,$172.67,$157.80,$153.73,$160.00,$160.00,$160.00,$160.00,$160.00,$170.33,$178.00,$185.20,$185.20,$185.20,$198.07,$221.29,$244.50,$244.50,$234.67,$234.67,$234.73,$224.54,$226.73,$226.73,$216.47,$204.13,$205.13,$195.47,$187.93,$192.67,$192.67,$192.67,,,,,,,,
114,Advanced Models,10173-1,965,2006,Holiday Train,89.99,$701.73,$667.00,$652.93,$636.47,$636.47,$636.47,$636.47,$636.47,$617.87,$597.07,$515.67,$481.07,$457.13,$457.13,$444.57,$444.57,$444.57,$474.87,$488.20,$513.20,$519.87,$507.53,$524.60,$524.60,$526.70,$528.80,$522.13,$522.13,$520.87,$498.13,$474.13,$474.13,$474.13,$445.20,$440.20,$399.73,$344.80,$324.00,$315.60,$291.27,$280.80,,,,,,,,
115,Advanced Models,10177-1,1197,2006,Boeing 787 Dreamliner,79.99,$506.58,$506.58,$506.58,$506.58,$506.58,$511.85,$517.86,$517.86,$517.86,$523.33,$533.27,$546.93,$501.71,$501.71,$504.47,$491.80,$491.80,$461.27,$439.80,$423.80,$360.53,$373.87,$407.27,$406.13,$405.20,$404.27,$404.27,$418.60,$418.60,$418.60,$414.80,$400.80,$400.80,$369.60,$348.40,$327.53,$342.87,$336.87,$336.87,$333.53,$333.53,,,,,,,,
116,Advanced Models,10181-1,3428,2007,Eifeel Tower,199.99,"$1,650.00","$1,600.00","$1,600.00","$1,600.00","$1,600.00","$1,600.00","$1,600.00","$1,500.00","$1,360.00","$1,310.00","$1,310.00","$1,250.00","$1,150.00","$1,140.00","$1,200.00","$1,190.00","$1,160.00","$1,080.00",$994.20,$996.80,"$1,000.00",$970.73,$881.67,$907.40,$880.74,$854.07,$931.00,$935.93,$953.87,$909.20,$909.20,$884.40,$783.67,$740.33,$707.00,$697.20,$646.33,$646.33,$646.33,$714.40,$714.40,,,,,,,,
117,Advanced Models,10182-1,2056,2007,Café Corner,139.99,"$1,740.00","$1,690.00","$1,600.00","$1,600.00","$1,570.00","$1,580.00","$1,570.00","$1,570.00","$1,530.00","$1,600.00","$1,400.00","$1,310.00","$1,440.00","$1,530.00","$1,800.00","$1,800.00","$1,700.00","$1,730.00","$1,600.00","$1,680.00","$1,650.00","$1,560.00","$1,580.00","$1,600.00","$1,492.24","$1,384.47","$1,308.73","$1,172.87","$1,145.40","$1,210.00","$1,166.67","$1,225.27","$1,225.27","$1,278.60","$1,278.60","$1,182.27","$1,198.80","$1,118.80","$1,118.80","$1,118.80","$1,118.80",,,,,,,,
118,Advanced Models,10190-1,1248,2007,Market Street,89.99,"$1,540.00","$1,460.00","$1,500.00","$1,500.00","$1,480.00","$1,460.00","$1,460.00","$1,500.00","$1,370.00","$1,370.00","$1,370.00","$1,300.00","$1,200.00","$1,200.00","$1,300.00","$1,300.00","$1,330.00","$1,400.00","$1,420.00","$1,420.00","$1,360.00","$1,330.00","$1,400.00","$1,270.00","$1,133.25",$996.50,$996.50,$996.50,$996.50,$909.11,$909.11,$909.11,$800.55,$747.33,$747.33,$677.86,$644.53,$611.20,$549.53,$481.20,$365.07,,,,,,,,
119,Advanced Models,10184-1,1981,2008,Town Plan,149.99,$355.40,$355.40,$359.07,$359.07,$359.07,$359.07,$359.07,$359.07,$340.53,$342.93,$343.00,$342.20,$285.89,$287.30,$286.00,$290.92,$300.47,$305.73,$305.73,$305.47,$296.80,$296.80,$296.80,$296.80,$286.68,$276.56,$276.56,$279.00,$279.00,$263.75,$269.62,$272.93,$288.87,$270.53,$270.53,$260.27,$274.20,$267.60,$267.60,$255.87,$255.87,,,,,,,,
120,Advanced Models,10185-1,2352,2008,Green Grocer,149.99,$994.53,"$1,060.00","$1,180.00","$1,180.00","$1,200.00","$1,210.00","$1,220.00","$1,230.00","$1,210.00","$1,160.00","$1,060.00","$1,100.00","$1,100.00","$1,100.00","$1,200.00","$1,140.00","$1,050.00","$1,100.00","$1,100.00","$1,040.00","$1,020.00","$1,100.00","$1,100.00","$1,070.00","$1,021.74",$973.47,$977.33,$916.07,$920.47,$922.80,$955.07,$867.00,$906.40,$904.73,$775.80,$620.20,$701.53,$725.53,$680.27,$795.67,$795.67,,,,,,,,
121,Advanced Models,10187-1,1626,2008,Volkswagen Beetle,119.99,$757.33,$757.33,$805.13,$772.33,$767.33,$767.33,$733.00,$656.13,$580.80,$584.27,$605.07,$600.33,$618.20,$618.13,$642.20,$643.87,$618.53,$585.60,$607.27,$612.27,$550.73,$559.07,$545.07,$581.47,$575.00,$568.53,$557.47,$550.80,$538.27,$529.93,$471.40,$427.20,$364.73,$363.33,$298.40,$288.80,$266.07,$303.80,$335.60,$374.73,$385.73,,,,,,,,
122,Advanced Models,10189-1,5922,2008,Taj Mahal,299.99,"$2,810.00","$2,600.00","$2,700.00","$2,680.00","$2,600.00","$2,660.00","$2,660.00","$2,800.00","$2,710.00","$2,630.00","$2,440.00","$2,400.00","$2,160.00","$2,400.00","$2,660.00","$2,770.00","$2,800.00","$2,530.00","$2,430.00","$2,500.00","$2,360.00","$2,560.00","$2,480.00","$1,800.00","$1,431.44","$1,062.87",$800.13,$899.47,$961.07,$961.07,$961.07,$961.07,$961.07,"$1,037.47","$1,037.47",$846.80,$738.27,$722.13,$641.27,$546.00,$553.07,,,,,,,,
123,Advanced Models,10194-1,1085,2009,Emerald Night,99.99,$440.45,$440.47,$402.73,$401.33,$462.27,$470.27,$422.07,$419.97,$399.87,$427.47,$445.80,$493.38,$486.60,$489.47,$503.20,$511.33,$519.33,$513.93,$511.47,$461.47,$434.87,$434.67,$454.80,$476.13,$482.83,$489.53,$490.20,$456.93,$491.33,$475.53,$504.13,$448.60,$428.87,$417.33,$418.33,$452.93,$482.75,$469.00,$469.00,$440.00,$433.73,,,,,,,,
124,Advanced Models,10196-1,3263,2009,Grand Carousel,249.99,"$2,590.00","$2,590.00","$2,600.00","$2,600.00","$2,600.00","$2,600.00","$2,600.00","$2,570.00","$2,600.00","$2,690.00","$2,800.00","$2,810.00","$2,680.00","$2,590.00","$2,510.00","$2,350.00","$2,390.00","$2,220.00","$2,230.00","$2,180.00","$2,220.00","$2,060.00","$2,020.00","$2,020.00","$1,918.77","$1,817.53","$1,686.13","$1,680.47","$1,627.80","$1,627.80","$1,584.47","$1,507.87","$1,436.93","$1,436.93","$1,351.00","$1,351.00","$1,348.33","$1,338.33","$1,338.33","$1,229.20","$1,188.07",,,,,,,,
125,Advanced Models,10197-1,2231,2009,Fire Brigade,149.99,$329.13,$349.80,$352.91,$371.47,$359.95,$359.60,$359.00,$372.59,$342.03,$401.67,$404.46,$362.02,$336.63,$370.17,$355.76,$359.71,$353.35,$361.65,$345.04,$329.89,$250.88,$356.42,$341.88,$332.46,$340.36,$348.25,$367.26,$351.13,$293.26,$297.80,$298.07,$296.31,$283.80,$340.94,$351.07,$313.19,$311.17,$328.57,$321.13,$327.87,$308.13,,,,,,,,
126,Advanced Models,10199-1,815,2009,Winter Village Toy Shop,59.99,$119.53,$123.73,$126.07,$126.07,$116.80,$112.13,$116.40,$117.47,$112.60,$109.80,$105.53,$123.20,$83.60,$92.73,$95.80,$91.00,$84.33,$79.87,$79.80,$81.80,$83.13,$89.00,$106.33,$109.60,$112.77,$115.93,$113.07,$112.00,$106.67,$95.60,$95.60,$97.07,$114.27,$112.40,$111.73,$113.60,$131.60,$130.33,$127.27,$126.60,$119.60,,,,,,,,
127,Advanced Models,10155-1,990,2010,Maersk Line Container Ship,119.99,$209.40,$208.33,$211.00,$214.00,$214.00,$214.00,$214.00,$209.13,$209.40,$216.40,$227.73,$220.07,$218.00,$206.00,$206.00,$206.00,$204.00,$202.00,$200.00,$200.00,$210.00,$210.00,$212.00,$212.00,$207.04,$202.07,$205.73,$204.93,$207.13,$207.13,$208.47,$208.47,$203.60,$200.60,$202.47,$211.07,$220.27,$219.33,$231.33,$231.33,$233.00,,,,,,,,
128,Advanced Models,10210-1,1664,2010,Imperial Flag Ship,179.99,$731.61,$710.60,$716.00,$733.00,$733.00,$733.60,$741.27,$743.27,$746.47,$729.20,$724.13,$743.40,$716.00,$707.00,$666.00,$675.00,$680.00,$690.00,$726.00,$778.00,$782.00,$768.00,$752.00,$718.00,$696.87,$675.73,$656.47,$634.07,$653.67,$652.40,$647.33,$592.87,$572.47,$610.40,$622.80,$605.07,$632.20,$595.67,$600.00,$586.00,$578.07,,,,,,,,
129,Advanced Models,10211-1,2182,2010,Grand Emporium,149.99,$272.42,$279.83,$286.38,$283.59,$287.00,$296.52,$288.45,$280.86,$295.84,$292.65,$278.73,$277.82,$280.00,$288.00,$286.00,$288.00,$290.00,$274.00,$278.00,$287.00,$282.00,$286.00,$271.00,$279.00,$283.54,$288.07,$290.94,$296.21,$279.52,$283.00,$286.36,$259.88,$283.82,$255.76,$285.10,$266.67,$262.28,$291.56,$294.58,$263.70,$238.60,,,,,,,,
130,Advanced Models,10213-1,1204,2010,Shuttle Adventure,99.99,$230.27,$224.80,$229.53,$224.93,$218.20,$226.47,$233.33,$229.93,$239.00,$235.60,$242.60,$243.20,$244.00,$244.00,$242.00,$239.00,$242.00,$254.00,$289.00,$297.00,$301.00,$296.00,$305.00,$328.00,$326.47,$324.93,$347.80,$364.27,$371.07,$348.67,$348.67,$330.60,$305.47,$247.60,$212.13,$215.53,$215.53,$215.53,$247.40,$261.53,$321.67,,,,,,,,
131,Advanced Models,10214-1,4287,2010,Tower Bridge,239.99,$252.45,$236.65,$233.50,$208.33,$234.61,$211.87,$215.27,$225.06,$220.60,$209.70,$209.96,$207.93,$209.00,$204.00,$210.00,$202.00,$190.00,$186.00,$201.00,$218.00,$200.00,$240.00,$212.00,$206.00,$200.62,$195.24,$188.50,$203.55,$181.07,$187.76,$167.42,$174.48,$164.57,$159.42,$163.05,$186.78,$197.36,$179.47,$193.28,$199.83,$182.11,,,,,,,,
132,Advanced Models,10216-1,687,2010,Winter Village Bakery,54.99,$158.88,$175.44,$178.27,$178.27,$178.27,$171.60,$164.13,$163.27,$166.93,$180.53,$188.40,$192.03,$185.00,$204.00,$193.00,$184.00,$170.00,$158.00,$170.00,$182.00,$195.00,$221.00,$219.00,$215.00,$230.36,$245.72,$238.40,$231.80,$220.40,$195.40,$187.87,$174.20,$171.27,$214.20,$237.80,$245.93,$246.50,$256.33,$256.33,$254.33,$254.87,,,,,,,,
133,Advanced Models,10218-1,2032,2011,Pet Shop,149.99,$148.95,$150.25,$146.13,$140.20,$139.25,$164.44,$140.47,$139.33,$141.06,$126.53,$132.89,$133.29,$157.00,$184.00,$188.00,$189.00,$185.00,$170.00,$170.00,$172.00,$170.00,$169.00,$162.00,$170.00,$177.26,$184.52,$185.64,$192.33,$188.79,$166.79,$167.38,$161.11,$172.69,$167.53,$166.97,$170.27,$175.64,$188.25,$186.11,$191.13,$196.23,,,,,,,,
134,Advanced Models,10219-1,1237,2011,Maersk Train,119.9,$270.48,$281.70,$305.20,$305.47,$285.93,$292.33,$293.27,$301.53,$328.53,$319.75,$308.14,$315.62,$321.00,$301.00,$308.00,$314.00,$339.00,$343.00,$337.00,$351.00,$358.00,$321.00,$327.00,$343.00,$346.44,$349.87,$345.00,$293.81,$319.67,$325.80,$301.06,$349.47,$309.00,$295.47,$339.53,$362.33,$248.07,$214.67,$267.53,$268.00,$311.13,,,,,,,,
135,Advanced Models,10220-1,1332,2011,Volkswagen T1 Camper Van,119.99,$113.37,$120.93,$122.35,$122.72,$124.06,$104.53,$112.70,$115.45,$103.32,$100.63,$107.75,$112.43,$117.00,$118.00,$109.00,$107.00,$101.00,$106.00,$111.00,$101.00,$96.00,$102.00,$99.00,$101.00,$106.59,$112.17,$105.00,$99.20,$93.20,$87.59,$78.17,$72.42,$76.93,$82.42,$81.43,$97.22,$107.70,$116.45,$93.21,$80.54,$87.96,,,,,,,,
136,Advanced Models,10222-1,822,2011,Winter Village Post Office,69.99,$205.29,$211.73,$219.93,$216.67,$213.33,$213.00,$198.00,$202.40,$219.13,$273.80,$285.87,$271.41,$243.00,$241.00,$241.00,$253.00,$254.00,$245.00,$246.00,$231.00,$246.00,$268.00,$284.00,$278.00,$285.87,$293.73,$279.00,$273.00,$269.67,$258.40,$237.40,$240.53,$229.07,$292.13,$319.60,$349.73,$325.13,$322.13,$301.93,$257.60,$240.93,,,,,,,,
137,Advanced Models,10231-1,1230,2011,Shuttle Expedition,99.99,$265.76,$256.76,$275.47,$279.80,$279.73,$275.13,$274.73,$279.73,$265.33,$256.60,$248.20,$284.05,$282.00,$288.00,$279.00,$279.00,$294.00,$312.00,$325.00,$376.00,$408.00,$406.00,$375.00,$349.00,$350.57,$352.13,$376.73,$380.13,$392.40,$389.80,$397.47,$362.07,$341.53,$314.20,$324.87,$346.60,$382.13,$408.80,$397.40,$388.27,$389.87,,,,,,,,
138,Advanced Models,10224-1,2766,2012,Town Hall,199.99,$493.45,$486.49,$523.29,$537.27,$523.17,$512.20,$542.67,$561.95,$552.58,$545.60,$518.68,$511.56,$502.00,$499.00,$496.00,$493.00,$502.00,$497.00,$494.00,$493.00,$499.00,$508.00,$506.00,$499.00,$501.69,$504.37,$507.83,$507.72,$474.67,$486.13,$428.75,$373.28,$405.25,$428.88,$410.07,$413.07,$455.10,$359.40,$423.00,$417.27,$426.13,,,,,,,,
139,Advanced Models,10226-1,883,2012,Sopwith Camel,99.99,$153.18,$157.87,$140.67,$138.93,$138.73,$137.20,$139.00,$135.93,$141.53,$155.87,$148.73,$150.10,$145.00,$163.00,$162.00,$157.00,$141.00,$148.00,$149.00,$147.00,$146.00,$144.00,$150.00,$144.00,$150.12,$156.24,$148.53,$158.73,$155.00,$139.40,$141.47,$135.27,$132.53,$141.47,$139.93,$145.16,$146.93,$153.00,$150.60,$154.07,$153.67,,,,,,,,
140,Advanced Models,10229-1,1490,2012,Winter Village Cottage,99.99,$188.22,$197.25,$198.67,$198.00,$200.67,$195.47,$182.60,$188.93,$200.73,$208.31,$211.76,$208.51,$206.00,$201.00,$203.00,$205.00,$199.00,$192.00,$191.00,$210.00,$208.00,$215.00,$231.00,$243.00,$246.60,$250.19,$242.13,$243.20,$232.40,$230.47,$230.13,$228.47,$230.87,$240.45,$262.50,$260.81,$238.33,$236.67,$266.87,$240.27,$237.27,,,,,,,,
141,Advanced Models,10230-1,1356,2012,Mini Modulars,79.99,$148.46,$157.75,$155.73,$153.40,$153.40,$151.73,$152.73,$150.80,$157.20,$156.53,$151.93,$163.80,$141.00,$149.00,$134.00,$144.00,$144.00,$143.00,$136.00,$139.00,$148.00,$148.00,$153.00,$155.00,$150.70,$146.40,$143.60,$142.00,$152.20,$155.13,$143.80,$139.87,$131.87,$118.47,$120.53,$121.73,$127.27,$129.27,$134.00,$135.93,$131.20,,,,,,,,
142,Advanced Models,10232-1,2196,2013,Palace Cinema,149.99,$141.08,$145.39,$160.40,$190.32,$160.40,$154.00,$128.41,$142.38,$135.78,$148.00,$125.32,$141.60,$128.00,$133.00,$138.00,$135.00,$127.00,$127.00,$132.00,$122.00,$132.00,$154.00,$140.00,$156.00,$176.51,$197.01,$180.01,$198.42,$198.90,$191.58,$178.37,$169.06,$176.03,$183.67,$184.77,$187.00,$193.44,$212.59,$220.71,$218.11,$221.25,,,,,,,,
143,Advanced Models,10233-1,1351,2013,Horizon Express,129.99,$184.09,$182.24,$192.07,$192.00,$190.73,$175.40,$176.47,$177.40,$172.07,$186.73,$174.13,$186.07,$206.00,$214.00,$237.00,$201.00,$189.00,$195.00,$195.00,$199.00,$192.00,$197.00,$201.00,$208.00,$209.32,$210.63,$209.33,$203.53,$219.00,$224.67,$209.47,$200.13,$204.73,$206.93,$213.20,$201.20,$199.11,$204.20,$204.40,$219.67,$215.93,,,,,,,,
144,Advanced Models,10234-1,2989,2013,Sydney Opera House,319.99,$311.80,$293.75,$295.27,$285.67,$296.91,$288.33,$282.73,$277.27,$294.35,$323.88,$266.13,$297.03,$378.00,$383.00,$392.00,$407.00,$393.00,$368.00,$389.00,$369.00,$368.00,$370.00,$342.00,$394.00,$378.04,$362.07,$331.20,$349.33,$313.29,$306.33,$289.87,$309.07,$327.87,$303.33,$314.47,$332.73,$321.11,$340.60,$327.40,$331.40,$330.53,,,,,,,,
145,Advanced Models,10235-1,1261,2013,Winter Village Market,99.99,$129.40,$129.53,$129.27,$127.33,$127.33,$120.13,$112.20,$114.67,$128.93,$142.33,$126.35,$131.56,$133.00,$131.00,$132.00,$132.00,$117.00,$119.00,$118.00,$132.00,$127.00,$144.00,$147.00,$156.00,$152.29,$148.58,$139.47,$128.93,$124.00,$133.53,$135.93,$139.27,$143.47,$143.31,$152.75,$152.99,$151.58,$163.40,$165.07,$168.13,$166.53,,,,,,,,
146,Advanced Models,10241-1,1518,2014,Maersk Line Triple-E,149.99,$218.24,$237.20,$226.25,$227.67,$225.73,$226.67,$236.87,$241.18,$237.72,$247.00,$234.84,$232.70,$228.00,$231.00,$243.00,$232.00,$237.00,$231.00,$239.00,$242.00,$246.00,$264.00,$242.00,$237.00,$231.24,$225.47,$214.47,$220.20,$238.85,$225.20,$233.07,$230.40,$214.20,$210.67,$221.13,$235.47,$218.29,$214.53,$212.20,$209.33,$223.53,,,,,,,,
147,Advanced Models,10242-1,1077,2014,Mini Cooper MK VII,99.99,$87.48,$89.73,$95.87,$93.53,$90.53,$90.27,$87.93,$92.07,$91.07,$81.07,$78.07,$96.93,$99.00,$92.00,$87.00,$89.00,$89.00,$82.00,$84.00,$92.00,$84.00,$87.00,$77.00,$80.00,$81.65,$83.29,$79.82,$82.09,$76.20,$71.53,$70.88,$75.67,$73.00,$76.47,$85.47,$89.24,$89.58,$81.93,$78.38,$92.05,$93.37,,,,,,,,
148,Advanced Models,10243-1,2469,2014,Parisian Restaurant,159.99,$126.37,$161.33,$157.60,$159.60,$165.76,$159.07,$162.20,$150.47,$147.07,$153.33,$155.47,$144.33,$149.00,$142.00,$152.00,$142.00,$145.00,$132.00,$133.00,$153.00,$138.00,$143.00,$142.00,$138.00,$140.22,$142.43,$145.44,$151.53,$135.95,$144.49,$149.50,$146.64,$149.07,$129.36,$131.35,$131.75,$151.39,$151.27,$123.63,$132.00,$125.44,,,,,,,,
149,Advanced Models,10244-1,1746,2014,Fairground Mixer,149.99,$138.33,$143.93,$140.40,$140.40,$138.87,$133.73,$131.00,$130.07,$121.13,$132.60,$128.47,$140.93,$164.00,$195.00,$190.00,$189.00,$204.00,$199.00,$201.00,$190.00,$195.00,$178.00,$192.00,$196.00,$193.10,$190.20,$185.40,$166.58,$210.26,$206.88,$221.20,$211.27,$221.28,$209.65,$216.27,$207.41,$193.86,$198.94,$198.17,$203.07,$199.67,,,,,,,,
150,Advanced Models,10245-1,883,2014,Santa's Workshop,69.99,$80.57,$76.55,$73.60,$64.73,$62.20,$63.87,$67.73,$62.56,$63.07,$64.38,$69.26,$73.58,$88.00,$85.00,$90.00,$89.00,$78.00,$83.00,$86.00,$88.00,$91.00,$99.00,$105.00,$117.00,$122.64,$128.27,$118.27,$112.71,$118.36,$89.00,$99.60,$101.20,$110.96,$106.47,$106.47,$132.71,$134.28,$127.60,$133.87,$119.27,$117.73,,,,,,,,
151,Advanced Models,10246-1,2262,2015,Detective's Office,159.99,$151.56,$151.11,$160.80,$168.33,$146.39,$148.47,$143.47,$138.80,$163.40,$157.00,$158.13,$150.00,$145.00,$148.00,$148.00,$148.00,$139.00,$144.00,$145.00,$114.00,$120.00,$150.00,$137.00,$143.00,$145.41,$147.81,$151.60,$146.47,$131.00,$129.12,$128.67,$139.80,$140.33,$123.93,$130.32,$170.43,$199.73,$200.12,$205.51,$223.68,$234.00,,,,,,,,
152,Advanced Models,10247-1,2464,2015,Ferris Wheel,199.99,$194.45,$189.68,$198.96,$200.80,$192.67,$182.73,$181.33,$185.87,$188.94,$182.20,$179.40,$191.33,$176.00,$169.00,$182.00,$161.00,$177.00,$180.00,$187.00,$173.00,$167.00,$159.00,$170.00,$170.00,$164.77,$159.53,$170.00,$160.48,$150.05,$165.47,$189.56,$182.33,$182.40,$166.93,$159.23,$218.41,$216.32,$201.20,$214.52,$227.74,$232.92,,,,,,,,
153,Advanced Models,10248-1,1158,2015,Ferrari F40,99.99,$119.94,$107.13,$94.13,$94.13,$94.13,$94.13,$92.73,$92.33,$93.67,$91.93,$105.53,$88.17,$105.00,$97.00,$94.00,$91.00,$92.00,$84.00,$89.00,$86.00,$83.00,$82.00,$86.00,$110.00,$124.15,$138.30,$136.24,$143.10,$137.71,$117.06,$136.20,$141.54,$144.75,$124.71,$139.39,$143.66,$157.68,$159.60,$144.69,$154.52,$162.60,,,,,,,,
154,Advanced Models,10249-1,898,2015,Winter toy Shop,79.99,$90.71,$88.56,$99.60,$100.00,$98.67,$98.73,$85.47,$81.53,$85.00,$95.80,$76.95,$83.56,$83.00,$98.00,$96.00,$98.00,$97.00,$82.00,$83.00,$112.00,$107.00,$85.00,$88.00,$98.00,$102.34,$106.68,$97.57,$106.00,$103.93,$101.80,$105.60,$107.33,$94.73,$90.60,$123.26,$129.31,$138.85,$137.67,$125.00,$118.87,$124.27,,,,,,,,
155,The Lord of Rings,30210-1,33,2012,Frodo with cooking corner,3.99,$9.00,$8.87,$9.47,$9.73,$8.80,$8.80,$7.80,$7.93,$7.87,$8.00,$8.13,$8.73,$8.00,$8.27,$7.75,$7.93,$8.40,$8.67,$8.67,$8.53,$9.47,$9.67,$9.67,$8.13,$8.13,$8.13,$9.53,$9.93,$10.80,$11.20,$11.40,$8.60,$7.37,$6.53,$6.47,$6.80,$7.53,$5.22,$6.07,$7.07,$6.53,,,,,,,,
156,The Lord of Rings,30211-1,21,2012,Uruk-Hai with ballista,4,$10.20,$10.07,$10.13,$9.93,$9.93,$9.93,$10.40,$12.00,$18.00,$17.67,$15.73,$12.07,$11.67,$11.67,$11.87,$10.40,$11.20,$11.47,$12.07,$11.93,$11.73,$11.13,$10.13,$9.73,$10.33,$10.93,$12.07,$13.20,$12.93,$14.53,$14.73,$12.93,$9.53,$9.47,$9.60,$8.94,$8.07,$8.67,$9.27,$11.53,$8.94,,,,,,,,
157,The Lord of Rings,5000202-1,6,2012,Elrond,NI,$13.93,$14.50,$14.60,$13.87,$14.87,$15.17,$15.67,$15.93,$15.67,$14.40,$14.00,$13.73,$13.53,$14.07,$13.47,$14.87,$14.53,$14.67,$15.13,$15.13,$13.60,$11.73,$11.80,$11.47,$12.20,$12.93,$12.27,$12.00,$11.80,$10.33,$10.67,$12.27,$13.27,$13.60,$11.07,$11.53,$14.67,$14.67,$15.53,$15.67,$15.13,,,,,,,,
158,The Lord of Rings,9469-1,83,2012,Gandalf Arrives,12.99,$22.82,$22.89,$21.27,$22.93,$23.13,$22.80,$23.07,$20.87,$24.26,$23.87,$25.00,$24.85,$26.24,$25.82,$23.71,$26.88,$29.68,$28.27,$27.31,$28.93,$27.05,$28.73,$25.65,$23.74,$24.57,$25.40,$30.13,$30.93,$29.94,$26.67,$30.13,$33.93,$30.76,$30.07,$27.20,$30.93,$30.67,$29.87,$30.93,$28.87,$28.53,,,,,,,,
159,The Lord of Rings,9470-1,227,2012,Shelob Attacks,19.99,$39.33,$40.33,$41.23,$42.53,$46.67,$47.40,$40.40,$39.11,$40.37,$39.87,$43.84,$45.85,$44.87,$41.97,$43.22,$44.73,$44.27,$43.36,$43.07,$44.05,$46.63,$40.75,$47.58,$43.69,$45.85,$48.00,$49.10,$44.69,$49.83,$51.00,$37.60,$34.20,$44.90,$44.07,$41.87,$48.67,$41.81,$52.13,$52.13,$55.07,$52.07,,,,,,,,
160,The Lord of Rings,9471-1,257,2012,Uruk-Hai Army,29.99,$53.71,$54.33,$55.13,$51.80,$56.67,$56.67,$53.33,$56.52,$60.64,$58.27,$55.47,$57.95,$59.55,$57.25,$58.73,$58.50,$66.06,$59.07,$58.80,$57.94,$51.56,$55.75,$55.41,$56.24,$56.21,$56.17,$54.78,$52.33,$58.44,$66.53,$56.80,$52.78,$48.91,$56.00,$58.53,$60.47,$72.07,$83.60,$79.53,$72.13,$73.27,,,,,,,,
161,The Lord of Rings,9472-1,430,2012,Attack on Weathertop,59.99,$59.23,$59.96,$63.10,$58.47,$53.73,$48.47,$49.67,$58.25,$56.06,$63.58,$60.76,$62.08,$66.00,$68.00,$64.00,$58.00,$54.00,$68.00,$61.00,$68.00,$67.00,$63.00,$65.00,$62.00,$64.20,$66.39,$56.41,$65.74,$65.04,$54.73,$56.07,$65.27,$73.80,$70.60,$62.67,$60.20,$64.35,$56.13,$67.00,$65.60,$69.71,,,,,,,,
162,The Lord of Rings,9473-1,776,2012,The Mines of Moria,79.99,,$91.36,$87.73,$91.67,$84.00,$85.27,$91.33,$81.48,$91.15,$93.07,$82.06,$96.09,$98.00,$100.00,$98.00,$102.00,$99.00,$89.00,$98.00,$105.00,$88.00,$98.00,$101.00,$94.00,$94.52,$95.04,$87.20,$97.80,$76.94,$86.07,$103.00,$94.07,$103.13,$105.93,$101.53,$102.00,$113.74,$98.06,$95.62,$91.53,$102.67,,,,,,,,
163,The Lord of Rings,9474-1,1368,2012,The Battle of Helm's Deep,129.99,$172.45,$160.55,$174.25,$170.00,$181.59,$177.67,$166.60,$159.41,$171.73,$161.76,$169.50,$175.36,$175.00,$170.00,$171.00,$173.00,$166.00,$157.00,$163.00,$172.00,$177.00,$188.00,$182.00,$180.00,$181.04,$182.07,$178.53,$182.27,$173.91,$179.07,$177.55,$176.25,$172.86,$148.13,$159.80,$169.45,$195.18,$216.33,$196.80,$196.60,$196.75,,,,,,,,
164,The Lord of Rings,9476-1,366,2012,The Orc Forge,39.99,$59.45,$57.00,$57.07,$58.07,$54.80,$55.53,$49.20,$54.29,$54.60,$50.13,$50.53,$55.28,$62.00,$53.00,$57.00,$58.00,$62.00,$59.00,$56.00,$55.00,$57.00,$53.00,$62.00,$60.00,$60.95,$61.89,$64.20,$63.27,$54.47,$53.73,$56.73,$58.73,$59.67,$58.87,$56.60,$61.07,$58.35,$63.80,$65.07,$69.40,$64.47,,,,,,,,
165,The Lord of Rings,LOTRSWORD-1,31,2012,Sword,6,$28.00,$20.30,$16.40,$15.80,$13.93,$10.60,$11.40,$15.47,$16.73,$13.57,$14.00,$13.08,$13.60,$12.87,$11.60,$12.80,$12.33,$13.80,$12.33,$12.67,$12.13,$11.93,$11.33,$15.25,$14.29,$13.33,$13.53,$12.33,$12.20,$12.53,$11.93,$10.93,$11.73,$11.47,$10.73,$11.40,$13.20,$12.53,$12.47,$13.67,$14.13,,,,,,,,
166,The Lord of Rings,10237-1,2359,2013,Tower of Orthanc,199.99,$243.10,$254.09,$259.00,$273.80,$269.20,$247.27,$233.87,$242.75,$230.95,$234.60,$235.30,$234.21,$226.00,$231.00,$230.00,$230.00,$222.00,$231.00,$228.00,$229.00,$230.00,$261.00,$234.00,$237.00,$230.79,$224.58,$225.10,$231.67,$219.04,$217.00,$225.27,$233.80,$227.33,$226.79,$233.67,$224.23,$230.77,$229.47,$226.80,$232.33,$233.91,,,,,,,,
167,Hobbit,30212-1,27,2012,Mirckwood Elf Guard,4.99,$9.47,$9.47,$9.47,$9.47,$9.47,$9.47,$9.00,$9.40,$9.40,$9.40,$9.07,$9.40,$9.47,$9.53,$10.07,$9.87,$9.87,$9.93,$9.93,$10.20,$9.93,$9.80,$9.80,$10.07,$10.04,$10.00,$10.27,$9.80,$9.80,$9.53,$9.73,$9.60,$9.60,$9.33,$9.20,$10.13,$10.93,$11.80,$12.07,$12.93,$12.47,,,,,,,,
168,Hobbit,30213-1,31,2012,Gandalf at Dol Guldur,4.99,$7.75,$9.27,$8.67,$9.33,$9.87,$9.27,$8.80,$9.93,$9.87,$9.40,$9.00,$10.13,$9.33,$9.67,$8.93,$9.40,$9.73,$10.00,$9.73,$9.80,$10.67,$11.20,$10.40,$10.06,$9.53,$9.00,$9.07,$9.00,$8.60,$8.40,$8.80,$7.60,$9.27,$9.87,$9.73,$9.73,$9.53,$11.13,$10.93,$11.93,$10.60,,,,,,,,
169,Hobbit,79000-1,105,2012,Riddles for the Ring,9.99,$18.19,$19.09,$17.40,$17.07,$16.07,$16.93,$16.13,$16.73,$16.80,$17.20,$17.73,$18.16,$19.44,$17.73,$17.38,$18.95,$20.53,$19.67,$18.90,$19.81,$18.94,$19.31,$20.00,$19.41,$20.01,$20.60,$19.87,$20.78,$20.72,$18.67,$20.20,$16.93,$17.53,$19.93,$19.00,$15.38,$19.53,$20.80,$22.73,$22.33,$23.40,,,,,,,,
170,Hobbit,79001-1,298,2012,Escape from Mirkwood Spiders,29.99,$29.96,$28.47,$29.83,$31.27,$28.20,$26.33,$27.07,$28.70,$28.76,$30.87,$28.96,$28.69,$32.08,$32.18,$30.84,$29.89,$30.15,$28.08,$30.74,$28.41,$29.36,$31.11,$30.92,$32.59,$32.98,$33.36,$34.75,$27.04,$25.63,$29.47,$27.60,$28.40,$28.87,$32.33,$30.60,$31.29,$29.44,$26.00,$27.87,$27.20,$27.20,,,,,,,,
171,Hobbit,79002-1,400,2012,Attack of the Wargs,49.99,$46.48,$46.58,$43.86,$42.13,$44.29,$44.13,$42.27,$37.70,$44.64,$38.32,$40.10,$40.46,$46.47,$44.13,$43.24,$39.40,$46.44,$45.00,$44.40,$47.12,$42.19,$42.21,$45.36,$44.40,$45.07,$45.74,$41.86,$42.68,$45.33,$44.00,$50.33,$51.93,$51.00,$48.73,$45.47,$48.11,$39.35,$44.95,$41.13,$48.13,$41.20,,,,,,,,
172,Hobbit,79003-1,652,2012,An Unexpected Gathering,69.99,$94.06,$94.19,$97.43,$103.13,$100.40,$99.67,$92.45,$91.48,$93.34,$95.05,$95.70,$97.20,$100.87,$100.84,$102.70,$101.18,$101.13,$101.13,$109.00,$113.79,$100.74,$111.53,$101.31,$107.85,$108.03,$108.21,$111.95,$114.56,$115.80,$109.40,$127.13,$126.60,$123.67,$100.18,$92.41,$126.50,$114.88,$115.00,$106.40,$103.80,$108.07,,,,,,,,
173,Hobbit,79004-1,334,2012,Barrel Escape,39.99,$41.80,$42.86,$40.53,$40.00,$41.00,$40.00,$37.53,$43.53,$44.10,$46.63,$45.19,$42.79,$41.59,$44.60,$44.53,$41.17,$45.13,$42.88,$36.40,$35.81,$32.29,$38.94,$43.56,$45.29,$44.18,$43.06,$48.20,$41.00,$44.73,$39.87,$32.87,$35.33,$41.91,$40.36,$45.27,$42.10,$47.74,$36.53,$37.47,$41.93,$47.07,,,,,,,,
174,Hobbit,70010-1,841,2012,The Goblin King Battle,119.99,$82.83,$87.41,$78.80,$86.00,$84.00,$87.93,$80.80,$68.91,$70.76,$78.13,$73.18,$76.48,$77.00,$81.00,$86.00,$77.00,$86.00,$80.00,$81.00,$76.00,$80.00,$82.00,$91.00,$87.00,$123.17,$159.33,$164.27,$172.60,$171.80,$186.60,$189.00,$189.93,$191.40,$187.07,$187.07,$171.40,$160.07,$159.33,$155.07,$154.60,$156.20,,,,,,,,
175,Hobbit,Bilbo-1,4,2012,Bilbo Baggins,NI,$54.64,$49.33,$43.60,$40.33,$41.20,$40.20,$36.80,$18.33,$22.53,$21.50,$22.33,$27.40,$28.53,$20.22,$28.42,$26.80,$26.19,$21.07,$20.93,$27.27,$26.53,$23.73,$22.50,$21.85,$20.96,$20.07,$27.67,$29.73,$26.13,$26.13,$22.20,$20.80,$26.60,$22.80,$20.80,$22.73,$24.79,$24.73,$24.53,$23.93,$16.93,,,,,,,,
176,Hobbit,30215-1,33,2013,Legolas Greenleaf,NI,$15.33,$13.13,$11.33,$10.67,$10.20,$10.20,$9.67,$9.40,$9.40,$9.33,$9.33,$9.33,$8.93,$8.67,$8.80,$8.93,$9.33,$9.47,$9.73,$10.53,$10.67,$10.73,$9.91,$10.27,$10.57,$10.87,$10.60,$10.60,$10.40,$10.47,$10.53,$10.13,$9.87,$9.87,$9.47,$9.47,$9.73,$9.13,$8.67,$9.33,$9.20,,,,,,,,
177,Hobbit,30216-1,31,2013,Lake-Town Guard,4.99,$11.25,$11.07,$10.60,$10.80,$11.33,$11.33,$11.40,$11.13,$10.67,$9.73,$9.47,$9.80,$9.73,$9.93,$9.67,$10.00,$10.00,$11.53,$11.93,$13.47,$12.53,$12.20,$11.00,$10.13,$11.10,$12.07,$12.07,$10.53,$10.47,$10.40,$10.27,$9.60,$9.60,$9.47,$9.93,$10.80,$12.80,$12.00,$13.33,$14.53,$14.47,,,,,,,,
178,Hobbit,79011-1,217,2013,Dol Guldar Ambush,19.99,$17.91,$19.67,$19.87,$19.60,$19.67,$19.13,$19.07,$19.40,$20.47,$21.07,$20.20,$22.20,$21.20,$19.00,$16.07,$21.00,$20.13,$17.80,$20.07,$22.80,$20.73,$16.67,$17.26,$19.04,$20.42,$21.80,$22.27,$21.47,$20.67,$23.60,$21.93,$23.67,$21.80,$20.93,$19.87,$20.13,$20.86,$21.93,$35.47,$36.20,$22.07,,,,,,,,
179,Star Wars,10179-1,5197,2007,Ultimate Collector's Millenium Falcon,499.99,"$3,970.00","$4,690.00","$4,850.00","$4,810.00","$4,700.00","$4,430.00","$4,300.00","$4,740.00","$4,700.00","$4,980.00","$4,820.00","$4,120.00","$3,920.00","$3,910.00","$4,080.00","$3,500.00","$3,300.00","$3,560.00","$3,430.00","$2,960.00","$3,000.00","$2,280.00","$2,000.00","$2,300.00","$2,242.13","$2,184.25","$2,357.00","$1,989.60","$1,714.80","$2,045.60","$2,088.73","$2,129.67","$2,189.73","$2,259.80","$2,259.80","$2,353.13","$2,133.87","$1,921.27","$1,804.53","$1,713.87","$1,768.07",,,,,,,,
180,Star Wars,10188-1,3803,2008,Death Star,399.99,$450.46,$514.30,$559.40,$534.22,$557.78,$518.19,$545.74,$564.52,$480.29,$437.70,$423.88,$424.11,$437.00,$408.00,$408.00,$398.00,$414.00,$410.00,$397.00,$411.00,$403.00,$415.00,$408.00,$414.00,$405.73,$397.45,$392.85,$381.09,$399.43,$395.05,$400.80,$385.87,$388.19,$385.33,$385.33,$366.32,$395.36,$362.33,$371.87,$349.00,$362.94,,,,,,,,
181,Star Wars,10143-1,3441,2005,Death Star II,298.99,"$1,700.00","$1,960.00","$1,930.00","$1,860.00","$1,840.00","$1,700.00","$1,730.00","$1,700.00","$1,640.00","$1,740.00","$1,880.00","$1,830.00","$1,560.00","$1,500.00","$1,560.00","$1,330.00","$1,320.00","$1,400.00","$1,400.00","$1,420.00","$1,420.00","$1,600.00","$1,530.00","$1,580.00","$1,512.07","$1,444.13","$1,505.80","$1,504.13","$1,492.93","$1,518.47","$1,424.07","$1,424.07","$1,284.40","$1,223.93","$1,276.53","$1,256.60","$1,254.87","$1,254.87","$1,393.80","$1,422.67","$1,422.67",,,,,,,,
182,Star Wars,75059-1,3296,2014,Sandcrawler,299.99,$280.48,$278.35,$278.69,$286.73,$276.17,$283.80,$284.44,$279.71,$288.09,$282.48,$250.79,$258.57,$277.00,$291.00,$289.00,$294.00,$303.00,$306.00,$300.00,$323.00,$312.00,$321.00,$299.00,$321.00,$331.92,$342.84,$336.03,$317.60,$318.44,$311.36,$283.00,$338.07,$290.43,$290.56,$315.47,$320.22,$331.00,$333.20,$307.07,$325.18,$292.69,,,,,,,,
183,Star Wars,10221-1,3152,2011,Super Star Destroyer,399.99,$884.70,$932.38,$943.82,$921.76,$922.47,$926.27,$894.53,$921.87,$926.71,$915.30,$888.65,$853.14,$905.00,$796.00,$858.00,$795.00,$828.00,$788.00,$776.00,$805.00,$819.00,$822.00,$817.00,$799.00,$773.42,$747.83,$716.65,$768.89,$731.00,$767.61,$718.76,$696.90,$741.79,$785.05,$715.88,$720.35,$730.83,$741.00,$770.67,$776.87,$733.33,,,,,,,,
184,Star Wars,10030-1,3096,2002,Imperial Star Destroyer,298.99,"$2,060.00","$1,930.00","$1,810.00","$1,700.00","$1,600.00","$1,400.00","$1,600.00","$2,000.00","$2,100.00","$1,650.00","$1,390.00","$1,730.00","$1,610.00","$1,600.00","$1,580.00","$1,600.00","$1,550.00","$1,555.00","$1,570.00","$1,600.00","$1,490.00","$1,580.00","$1,670.00","$1,710.00","$1,713.20","$1,716.40","$1,689.80","$1,516.20","$1,048.13","$1,146.47","$1,135.87","$1,138.27","$1,101.40","$1,193.93","$1,033.53","$1,102.33","$1,152.27","$1,255.60","$1,295.13",$972.87,$823.93,,,,,,,,
185,Star Wars,10212-1,2503,2010,Imperial Shuttle,259.99,$666.27,$689.00,$705.20,$677.20,$623.93,$614.33,$627.86,$634.00,$595.56,$577.27,$578.45,$492.27,$605.00,$548.00,$544.00,$568.00,$569.00,$566.00,$555.00,$543.00,$539.00,$553.00,$507.00,$526.00,$520.12,$514.24,$521.43,$554.93,$574.47,$576.87,$542.87,$530.53,$511.53,$552.07,$589.07,$552.00,$529.33,$527.00,$490.33,$532.00,$502.27,,,,,,,,
186,Star Wars,75098-1,2144,2016,Assault on Hoth,249.99,,,,,$140.00,$139.00,$165.29,$196.15,$240.67,$223.00,$225.53,$225.53,$228.00,$230.00,$227.00,$224.00,$202.00,$190.00,$202.00,$190.00,$170.00,$181.00,$177.00,$177.00,$202.00,$227.00,$236.73,$242.53,$242.53,$241.80,$239.60,$239.60,$239.60,$248.60,$247.19,$264.53,$237.31,$219.87,$214.47,$214.47,$209.47,,,,,,,,
187,Star Wars,10225-1,2127,2012,R2-D2,179.99,$341.01,$350.09,$353.48,$350.76,$347.75,$349.45,$324.37,$321.10,$322.13,$348.24,$324.31,$322.18,$325.00,$332.00,$320.00,$325.00,$305.00,$309.00,$294.00,$322.00,$318.00,$345.00,$348.00,$330.00,$335.05,$340.10,$328.45,$330.58,$325.81,$301.65,$287.14,$296.35,$296.84,$308.60,$293.78,$288.45,$298.17,$304.40,$298.00,$301.33,$318.74,,,,,,,,
188,Star Wars,75060-1,1996,2015,Slave I,199.99,$189.54,$197.07,$193.24,$185.27,$185.95,$185.40,$190.20,$192.71,$192.03,$197.58,$174.57,$182.80,$192.00,$183.00,$191.00,$188.00,$186.00,$182.00,$186.00,$187.00,$187.00,$197.00,$203.00,$181.00,$191.58,$202.15,$203.89,$192.20,$165.12,$171.48,$191.61,$157.13,$172.36,$167.67,$159.11,$187.07,$191.18,$187.72,$215.09,$220.82,$236.42,,,,,,,,
189,Star Wars,10236-1,1990,2013,Ewok Village,249.99,$259.21,$256.00,$230.83,$232.49,$230.75,$233.76,$224.46,$225.00,$230.07,$227.15,$224.61,$209.36,$281.00,$317.00,$304.00,$305.00,$308.00,$308.00,$304.00,$304.00,$296.00,$306.00,$307.00,$319.00,$314.15,$309.29,$316.81,$326.18,$320.16,$312.81,$321.28,$325.54,$300.17,$313.18,$279.20,$304.88,$323.11,$306.07,$304.41,$289.45,$306.57,,,,,,,,
190,Star Wars,10018-1,1868,2001,Darth Maul,149.99,$815.00,$815.00,$878.60,$862.36,$862.36,$862.36,$862.36,$862.36,$862.36,$862.36,$810.50,$819.71,$916.00,$916.00,$916.00,$915.00,$915.00,$905.00,$887.00,$887.00,$887.00,$887.00,$867.00,$867.00,$869.32,$871.63,$871.63,$885.89,$777.33,$729.82,$729.82,$675.85,$675.85,$675.85,$681.14,$681.14,$681.14,$659.67,$659.67,$630.33,$630.33,,,,,,,,
191,Star Wars,10195-1,1758,2009,Republic Dropship with AT-OT Walker,249.99,$552.60,$593.33,$593.47,$615.07,$633.13,$633.13,$633.13,$632.00,$660.73,$667.47,$599.33,$595.40,$609.00,$618.00,$649.00,$679.00,$710.00,$712.00,$717.00,$701.00,$701.00,$681.00,$662.00,$640.00,$629.44,$618.87,$598.87,$599.33,$570.60,$570.60,$569.20,$569.20,$602.93,$528.80,$486.87,$491.07,$564.00,$570.67,$530.40,$563.87,$567.40,,,,,,,,
192,Star Wars,10019-1,1747,2001,Rebel Blockade Runner,199.99,"$1,200.00","$1,160.00","$1,220.00","$1,240.00","$1,240.00","$1,260.00","$1,260.00","$1,250.00","$1,250.00","$1,200.00","$1,200.00","$1,200.00","$1,200.00","$1,250.00","$1,240.00","$1,270.00","$1,100.00","$1,100.00","$1,100.00","$1,060.00","$1,030.00","$1,020.00","$1,090.00","$1,060.00","$1,104.20","$1,148.40","$1,140.13","$1,173.53","$1,173.53","$1,191.60","$1,191.60","$1,191.60","$1,191.60","$1,147.93","$1,090.60",$917.53,$917.53,$814.60,$774.80,$709.40,$666.87,,,,,,,,
193,Star Wars,75095-1,1685,2015,Tie Fighter,199.99,$192.25,$189.48,$197.72,$171.33,$183.22,$175.07,$168.87,$166.72,$161.50,$158.74,$143.42,$125.02,$164.00,$174.00,$160.00,$164.00,$161.00,$172.00,$155.00,$171.00,$172.00,$195.00,$173.00,$166.00,$174.88,$183.76,$184.65,$192.26,$184.41,$189.08,$189.06,$166.71,$169.54,$152.10,$167.25,$165.43,$180.20,$187.80,$175.56,$178.62,$185.19,,,,,,,,
194,Star Wars,10144-1,1669,2005,Sandcrawler,139.99,$266.93,$260.20,$273.93,$271.87,$262.80,$262.47,$263.27,$255.20,$254.13,$258.93,$253.93,$253.47,$214.00,$209.00,$215.00,$223.00,$230.00,$238.00,$224.00,$230.00,$223.00,$221.00,$206.00,$195.00,$198.10,$201.20,$211.33,$251.87,$254.87,$246.07,$242.80,$168.93,$176.73,$122.13,$119.33,$124.67,$129.87,$129.87,$158.67,$177.00,$190.33,,,,,,,,
195,Star Wars,10240-1,1559,2013,Red Five X-Wing Starfighter,199.99,$244.22,$281.98,$303.07,$295.38,$300.86,$287.24,$278.78,$275.18,$277.55,$262.96,$258.25,$262.92,$164.00,$165.00,$158.00,$279.00,$263.00,$277.00,$255.00,$261.00,$259.00,$277.00,$272.00,$263.00,$264.99,$266.97,$264.33,$267.39,$263.53,$256.29,$248.94,$269.52,$257.86,$238.38,$282.71,$239.60,$250.24,$256.87,$248.41,$251.00,$268.52,,,,,,,,
196,Star Wars,10227-1,1487,2012,B-Wing Sterfighter,199.99,$256.19,$279.22,$296.55,$287.07,$322.47,$302.47,$283.47,$291.13,$293.84,$281.83,$285.75,$281.50,$273.00,$282.00,$306.00,$283.00,$277.00,$286.00,$288.00,$296.00,$295.00,$303.00,$304.00,$304.00,$307.39,$310.78,$287.60,$298.25,$320.75,$314.50,$313.63,$313.00,$303.05,$305.00,$295.60,$298.87,$284.57,$285.93,$288.63,$303.57,$266.20,,,,,,,,
197,Star Wars,10134-1,1473,2004,Y-Wing Attacked Starfighter,119.99,"$1,100.00","$1,160.00","$1,260.00","$1,260.00","$1,260.00","$1,260.00","$1,270.00","$1,270.00","$1,260.00","$1,300.00","$1,240.00","$1,190.00",$992.00,$945.00,$960.00,$906.00,$906.00,$919.00,$919.00,$894.00,$956.00,$919.00,$887.00,$905.00,$878.14,$851.27,$858.87,$819.13,$760.53,$628.00,$593.67,$469.67,$393.13,$393.13,$407.93,$379.27,$381.13,$409.93,$409.93,$440.93,$391.67,,,,,,,,
198,Star Wars,10129-1,1455,2003,Rebel Snowspeeder,129.99,"$1,300.00","$1,320.00","$1,360.00","$1,360.00","$1,360.00","$1,410.00","$1,410.00","$1,400.00","$1,400.00","$1,460.00","$1,490.00","$1,500.00","$1,460.00","$1,430.00","$1,420.00","$1,330.00","$1,060.00","$1,060.00","$1,060.00",$996.00,$908.00,$908.00,$714.00,$714.00,$694.54,$675.07,$687.80,$687.80,$676.80,$660.80,$660.80,$660.80,$635.07,$604.07,$609.53,$584.53,$580.67,$547.67,$521.67,$511.67,$513.27,,,,,,,,
199,Star Wars,10198-1,1408,2009,Tantive IV,149.99,$314.09,$314.28,$359.27,$349.27,$381.53,$385.53,$381.07,$354.07,$316.40,$320.27,$332.87,$365.20,$362.00,$363.00,$359.00,$363.00,$373.00,$367.00,$363.00,$365.00,$369.00,$382.00,$374.00,$345.00,$366.40,$387.80,$387.27,$368.53,$372.80,$366.93,$323.20,$305.93,$298.33,$315.93,$335.33,$335.33,$379.20,$375.67,$377.47,$345.67,$330.60,,,,,,,,
200,Star Wars,6211-1,1367,2006,Imperial Star Destroyer,99.99,$221.39,$202.67,$209.00,$184.07,$184.07,$176.40,$176.40,$181.20,$147.13,$178.13,$230.07,$246.17,$243.00,$256.00,$257.00,$262.00,$223.00,$231.00,$210.00,$221.00,$235.00,$249.00,$260.00,$275.00,$259.50,$244.00,$246.13,$253.80,$245.27,$213.87,$213.87,$213.87,$199.87,$207.20,$207.20,$199.40,$180.80,$149.47,$104.33,$125.80,$127.80,,,,,,,,
201,Star Wars,66473-1,1360,2013,Lego Star Wars Super Pack,139.99,$182.60,$185.93,$194.07,$200.60,$207.13,$214.07,$220.73,$225.40,$230.73,$230.73,$230.73,$235.13,$222.00,$223.00,$223.00,$223.00,$223.00,$222.00,$222.00,$240.00,$251.00,$251.00,$251.00,$251.00,$263.09,$275.17,$275.17,$275.17,$275.17,$275.17,$273.36,$273.47,$273.47,$265.80,$265.80,$269.20,$262.80,$262.80,$262.80,$262.80,$247.73,,,,,,,,
202,Star Wars,75055-1,1359,2014,Imperial Star Destroyer,129.99,$146.09,$169.78,$176.85,$187.51,$168.20,$188.54,$188.74,$188.33,$188.77,$184.44,$208.92,$205.75,$211.00,$218.00,$236.00,$238.00,$228.00,$221.00,$232.00,$240.00,$213.00,$242.00,$222.00,$235.00,$247.32,$259.63,$238.59,$247.11,$224.67,$217.40,$194.33,$193.87,$149.07,$180.13,$191.67,$204.45,$206.13,$222.64,$192.20,$180.86,$197.13,,,,,,,,
203,Star Wars,7662-1,1330,2007,Trade Federation MTT,99.99,$293.87,$293.87,$268.53,$268.53,$255.07,$255.07,$255.07,$240.80,$240.80,$240.80,$240.80,$224.60,$217.00,$217.00,$217.00,$217.00,$217.00,$210.00,$210.00,$191.00,$186.00,$181.00,$188.00,$174.00,$212.50,$251.00,$250.40,$245.40,$246.40,$246.40,$237.27,$237.27,$224.27,$224.27,$223.93,$211.60,$211.60,$196.00,$196.00,$187.27,$187.27,,,,,,,,
204,Star Wars,75105-1,1329,2015,Millenium Falcon,149.99,$134.06,$136.58,$130.40,$126.42,$118.99,$116.45,$117.53,$102.53,$102.53,$102.53,$104.53,$105.58,$112.00,$108.00,$97.00,$98.00,$96.00,$94.00,$93.00,$93.00,$96.00,$95.00,$95.00,$102.00,$124.16,$146.31,$165.94,$163.99,$167.11,$156.53,$169.53,$136.95,$130.38,$114.20,$114.20,$153.71,$161.91,$141.73,$126.20,$116.85,$137.82,,,,,,,,
205,Star Wars,7191-1,1300,2000,X-wing Fighter,149.99,$669.00,$669.00,$669.00,$669.00,$669.00,$669.00,$669.00,$498.50,$407.38,$259.73,$183.87,$235.13,$728.00,$717.00,$717.00,$726.00,$705.00,$705.00,$687.00,$687.00,$787.00,$662.00,$620.00,$620.00,$594.97,$569.93,$572.53,$553.93,$560.00,$553.20,$553.20,$530.47,$530.47,$500.53,$512.20,$512.20,$512.20,$512.20,$465.87,$444.20,$444.20,,,,,,,,
206,Star Wars,7965-1,1254,2011,Millenium Falcon,139.99,$200.95,$217.42,$198.56,$204.17,$203.13,$213.28,$202.77,$189.74,$183.90,$196.13,$188.22,$176.72,$187.00,$180.00,$175.00,$181.00,$160.00,$169.00,$153.00,$168.00,$163.00,$145.00,$155.00,$159.00,$171.81,$184.61,$163.77,$149.78,$175.81,$180.73,$160.12,$179.03,$146.68,$152.40,$150.04,$148.81,$195.37,$171.07,$164.36,$180.78,$177.07,,,,,,,,
207,Star Wars,75106-1,1216,2015,Imperial Assault Carrier,129.99,$80.39,$78.79,$79.42,$76.94,$81.33,$79.04,$70.23,$76.97,$68.71,$74.48,$82.71,$75.61,$79.00,$84.00,$85.00,$83.00,$84.00,$84.00,$90.00,$80.00,$91.00,$86.00,$91.00,$90.00,$98.59,$107.17,$92.08,$99.26,$96.23,$90.13,$77.27,$82.53,$62.50,$79.13,$70.87,$93.00,$90.27,$91.33,$95.00,$96.20,$109.87,,,,,,,,
208,Star Wars,10175-1,1212,2006,Vader's TIE Advanced,99.99,$673.20,$718.80,$746.67,$764.00,$761.53,$738.73,$741.33,$717.20,$647.60,$626.20,$659.80,$683.80,$600.00,$574.00,$590.00,$601.00,$616.00,$581.00,$536.00,$498.00,$501.00,$536.00,$545.00,$583.00,$594.80,$606.60,$621.73,$600.53,$559.80,$488.53,$386.93,$346.40,$316.33,$337.07,$377.73,$377.73,$380.80,$400.60,$408.93,$438.00,$438.00,,,,,,,,
209,Star Wars,75021-1,1175,2013,Republic Gunship,119.99,$162.73,$172.31,$186.53,$207.48,$193.67,$194.67,$205.07,$194.93,$219.05,$192.00,$198.53,$211.19,$235.00,$206.00,$246.00,$231.00,$247.00,$237.00,$230.00,$257.00,$266.00,$266.00,$291.00,$267.00,$263.03,$259.05,$277.87,$269.87,$287.50,$257.20,$198.13,$189.60,$167.38,$267.13,$262.87,$255.06,$291.65,$292.20,$291.33,$251.07,$242.00,,,,,,,,
210,Star Wars,8039-1,1170,2009,Venator-Class Republic Attack Cruiser,119.99,$305.88,$321.00,$321.00,$330.00,$331.67,$333.00,$331.67,$300.87,$281.67,$285.40,$304.53,$313.87,$317.00,$336.00,$364.00,$343.00,$330.00,$342.00,$347.00,$358.00,$310.00,$289.00,$285.00,$326.00,$337.57,$349.13,$342.33,$325.33,$325.67,$341.87,$320.67,$313.33,$304.47,$249.33,$184.00,$209.47,$222.33,$220.87,$242.80,$285.67,$233.40,,,,,,,,
211,Star Wars,66512-1,1163,2014,Rebel Co-Pack,109.99,$124.17,$140.67,$150.93,$155.33,$156.40,$159.73,$159.73,$165.93,$171.60,$177.20,$177.20,$177.53,$184.00,$184.00,$184.00,$184.00,$192.00,$192.00,$192.00,$192.00,$192.00,$201.00,$201.00,$212.00,$242.86,$273.71,$273.71,$275.75,$272.60,$272.60,$272.82,$272.82,$272.82,$272.82,$272.82,$272.82,$272.82,$272.82,$272.82,$272.82,$272.82,,,,,,,,
212,Star Wars,8098-1,1141,2010,Clone Turbo Tank,119.99,$186.28,$200.33,$180.90,$186.93,$181.27,$175.80,$161.40,$160.87,$167.80,$137.73,$194.60,$140.09,$172.00,$157.00,$130.00,$158.00,$131.00,$135.00,$127.00,$145.00,$157.00,$143.00,$128.00,$125.00,$125.67,$126.33,$127.60,$135.87,$135.87,$135.87,$135.20,$125.53,$133.27,$131.67,$122.13,$125.40,$133.80,$131.93,$132.27,$144.33,$139.87,,,,,,,,
213,Star Wars,75054-1,1138,2014,AT-AT,99.99,$158.34,$172.95,$179.17,$186.64,$186.22,$197.82,$188.00,$194.20,$193.48,$199.41,$195.57,$221.33,$241.00,$259.00,$253.00,$256.00,$256.00,$248.00,$247.00,$244.00,$224.00,$250.00,$248.00,$246.00,$245.95,$245.90,$225.93,$221.50,$209.85,$212.73,$171.93,$209.33,$179.29,$189.67,$204.33,$210.60,$228.76,$229.60,$203.00,$174.33,$175.13,,,,,,,,
214,Star Wars,10178-1,1137,2007,Motorised Walking AT-AT,129.99,$463.86,$472.60,$471.73,$471.73,$484.73,$484.73,$478.73,$452.33,$455.80,$460.80,$504.47,$431.38,$463.00,$461.00,$457.00,$450.00,$450.00,$429.00,$423.00,$446.00,$399.00,$372.00,$350.00,$337.00,$387.70,$438.40,$453.07,$446.73,$394.00,$342.60,$327.13,$330.47,$341.20,$354.73,$354.73,$347.13,$340.27,$347.13,$348.73,$378.53,$372.47,,,,,,,,
215,Star Wars,9515-1,1092,2012,Malevolence,119.99,$171.00,$172.81,$181.00,$183.40,$180.27,$186.47,$184.53,$183.13,$175.13,$180.80,$187.73,$176.81,$183.00,$177.00,$189.00,$192.00,$188.00,$190.00,$185.00,$178.00,$207.00,$216.00,$187.00,$190.00,$197.94,$205.87,$206.33,$192.80,$213.33,$215.87,$203.40,$207.73,$211.93,$176.07,$169.47,$187.27,$191.20,$205.87,$197.87,$180.33,$172.00,,,,,,,,
216,Star Wars,66479-1,1087,2014,Value Pack: 3 in 1,NI,,,,$20.00,$20.00,$20.00,$20.00,$20.00,$20.00,$20.00,$20.00,$20.00,$20.00,$20.00,$20.00,$20.67,$20.67,$20.67,$20.67,$20.67,$20.67,$20.67,$20.67,$20.67,$21.34,$22.00,$22.00,$22.00,$22.00,$22.00,$22.00,$22.00,$22.00,$22.00,$22.00,$22.00,$22.00,$22.00,$22.00,$22.00,$22.00,,,,,,,,
217,Star Wars,10186-1,1085,2008,General Grievous,89.99,$187.53,$180.67,$171.87,$171.87,$171.87,$168.40,$168.40,$156.27,$155.80,$150.40,$147.07,$144.80,$146.00,$156.00,$163.00,$178.00,$169.00,$167.00,$150.00,$148.00,$129.00,$116.00,$130.00,$161.00,$98.80,$36.60,$51.27,$40.52,$39.82,$46.59,$52.87,$64.20,$64.07,$71.47,$78.27,$54.78,$60.40,$75.07,$67.67,$71.20,$76.73,,,,,,,,
218,Star Wars,7194-1,1075,2002,Yoda,99.99,$404.20,$417.80,$467.73,$467.73,$475.07,$475.07,$482.20,$467.80,$454.33,$431.27,$396.47,$430.67,$485.00,$433.00,$420.00,$424.00,$413.00,$397.00,$420.00,$428.00,$428.00,$445.00,$438.00,$466.00,$464.70,$463.40,$463.40,$450.00,$404.20,$229.00,$234.40,$234.40,$237.40,$295.73,$331.20,$352.93,$336.73,$325.67,$320.13,$316.87,$296.07,,,,,,,,
219,Star Wars,10174-1,1068,2006,Imperial AT-ST,79.99,$381.17,$412.60,$409.20,$421.13,$408.93,$410.13,$413.73,$413.13,$414.60,$388.40,$424.33,$352.40,$341.00,$375.00,$393.00,$412.00,$390.00,$387.00,$383.00,$360.00,$319.00,$329.00,$341.00,$285.00,$311.77,$338.53,$372.93,$412.93,$420.33,$372.87,$368.73,$337.53,$321.87,$281.40,$275.87,$254.67,$260.73,$267.40,$246.33,$273.67,$292.67,,,,,,,,
220,Star Wars,4483-1,1068,2003,AT-AT,99.99,$274.67,$308.60,$320.27,$332.53,$330.27,$330.27,$330.27,$333.93,$302.20,$324.47,$343.00,$341.53,$338.00,$335.00,$335.00,$331.00,$329.00,$326.00,$328.00,$334.00,$322.00,$331.00,$325.00,$303.00,$295.80,$288.60,$288.60,$271.00,$276.87,$274.87,$283.80,$248.53,$241.53,$230.40,$222.87,$171.60,$164.93,$199.53,$199.87,$219.00,$219.00,,,,,,,,
221,Star Wars,7676-1,1034,2008,Republic Attack Gunship,119.99,$187.87,$199.13,$210.73,$210.73,$218.93,$236.93,$232.80,$225.80,$229.13,$236.67,$247.13,$265.00,$268.00,$261.00,$267.00,$262.00,$259.00,$247.00,$247.00,$233.00,$228.00,$213.00,$212.00,$212.00,$229.04,$246.07,$255.20,$258.33,$260.27,$265.33,$202.60,$192.67,$189.13,$161.33,$163.00,$148.93,$172.93,$197.80,$217.13,$217.40,$207.40,,,,,,,,
222,Star Wars,7964-1,1015,2011,Republic Frigate,119.99,$163.94,$176.88,$169.53,$172.47,$180.27,$167.93,$178.67,$172.13,$171.00,$184.25,$166.00,$186.74,$187.00,$180.00,$186.00,$174.00,$177.00,$191.00,$169.00,$177.00,$207.00,$213.00,$189.00,$207.00,$213.94,$220.87,$195.47,$187.93,$199.53,$208.73,$204.47,$209.73,$203.27,$190.60,$187.47,$186.80,$205.13,$205.13,$213.53,$208.53,$196.87,,,,,,,,
223,Star Wars,75104-1,1005,2015,Kylo Ren's Command Shuttle,119.99,$89.12,$92.21,$83.78,$81.45,$84.03,$80.46,$79.61,$83.69,$79.37,$81.40,$77.33,$81.44,$81.00,$78.00,$75.00,$72.00,$71.00,$70.00,$72.00,$68.00,$68.00,$69.00,$67.00,$68.00,$75.58,$83.16,$79.09,$80.21,$86.92,$70.83,$81.76,$65.62,$63.57,$70.41,$69.06,$67.50,$80.85,$70.60,$74.19,$73.30,$66.24,,,,,,,,
